# File created by converting ColoF.sts to a CSV file, using msm-sts-to-csv.py
#----------------------------------------------------------
# # ********************************************************************************
# #
# # *.sts       Mixed Station Statistics Summary
# #
# #  Filename:  ColoF.sts
# #
# #  **** = 95% Confidence Interval Not Met
# #
# # ********************************************************************************
# # File History:
# # ********************************************************************************
# #
# # *.xbf       Filled Base Flow at Stream Gages - Mixed Station Model
# #
# #  Mixed Station Model Version:  PC (89/07/18) (Modified 6/8/99)
# #  Run Date and Time:  9/13/99 16:21:15
# #  Filename:  ColoF-1.xbf
# #  Regression:  Simple Linear Regression (Log Transform)
# #  Method:  SEP Dependent
# #  Independent Stations:  All
# #  First Year of Extended Record:  1909
# #  Min. No. of Concurrent Values Required:  5
# #  Confidence Interval:  95%
# #
# # ********************************************************************************
# #
# # 
# # ********************************************************************************
# # *.xbg       Base Flow at Stream Gages                        
# #
# #  UPPER COLORADO RIVER BASIN                                                     
# #  Historic Diversions made at respective historic diversion location             
# #
# #  Statemod Version:  8.24 (1999/07/19)
# #  Run date and time:    9/ 1/99  8: 5:50
# # 
# # ********************************************************************************
# # ********************************************************************************
# # Summary Statistics, Original and Extended Record:
# 
#   Definitions:
#   Mean -  measures the central tendency of the sample
#   Standard Deviation -  measures the dispersion of sample values around the mean
#   Skewness Coefficient -  measures the degree of asymmetry of the frequency distribution of the data
#   Lag-1 Serial Coefficient -  measures the degree of linear dependence among successive values of the series
# 
# Statistics are on the original data units - see MSM information above.
#--------------------------------------------------------------------------------------
"TSID","NOrig_1","NOrig_2","NOrig_3","NOrig_4","NOrig_5","NOrig_6","NOrig_7","NOrig_8","NOrig_9","NOrig_10","NOrig_11","NOrig_12","NOrig","NFilled_1","NFilled_2","NFilled_3","NFilled_4","NFilled_5","NFilled_6","NFilled_7","NFilled_8","NFilled_9","NFilled_10","NFilled_11","NFilled_12","NFilled","MeanOrig_1","MeanOrig_2","MeanOrig_3","MeanOrig_4","MeanOrig_5","MeanOrig_6","MeanOrig_7","MeanOrig_8","MeanOrig_9","MeanOrig_10","MeanOrig_11","MeanOrig_12","MeanOrig","MeanFilled_1","MeanFilled_2","MeanFilled_3","MeanFilled_4","MeanFilled_5","MeanFilled_6","MeanFilled_7","MeanFilled_8","MeanFilled_9","MeanFilled_10","MeanFilled_11","MeanFilled_12","MeanFilled","MedianOrig_1","MedianOrig_2","MedianOrig_3","MedianOrig_4","MedianOrig_5","MedianOrig_6","MedianOrig_7","MedianOrig_8","MedianOrig_9","MedianOrig_10","MedianOrig_11","MedianOrig_12","MedianOrig","MedianFilled_1","MedianFilled_2","MedianFilled_3","MedianFilled_4","MedianFilled_5","MedianFilled_6","MedianFilled_7","MedianFilled_8","MedianFilled_9","MedianFilled_10","MedianFilled_11","MedianFilled_12","MedianFilled","StdDevOrig_1","StdDevOrig_2","StdDevOrig_3","StdDevOrig_4","StdDevOrig_5","StdDevOrig_6","StdDevOrig_7","StdDevOrig_8","StdDevOrig_9","StdDevOrig_10","StdDevOrig_11","StdDevOrig_12","StdDevOrig","StdDevFilled_1","StdDevFilled_2","StdDevFilled_3","StdDevFilled_4","StdDevFilled_5","StdDevFilled_6","StdDevFilled_7","StdDevFilled_8","StdDevFilled_9","StdDevFilled_10","StdDevFilled_11","StdDevFilled_12","StdDevFilled","CVOrig_1","CVOrig_2","CVOrig_3","CVOrig_4","CVOrig_5","CVOrig_6","CVOrig_7","CVOrig_8","CVOrig_9","CVOrig_10","CVOrig_11","CVOrig_12","CVOrig","CVFilled_1","CVFilled_2","CVFilled_3","CVFilled_4","CVFilled_5","CVFilled_6","CVFilled_7","CVFilled_8","CVFilled_9","CVFilled_10","CVFilled_11","CVFilled_12","CVFilled","SkewOrig_1","SkewOrig_2","SkewOrig_3","SkewOrig_4","SkewOrig_5","SkewOrig_6","SkewOrig_7","SkewOrig_8","SkewOrig_9","SkewOrig_10","SkewOrig_11","SkewOrig_12","SkewOrig","SkewFilled_1","SkewFilled_2","SkewFilled_3","SkewFilled_4","SkewFilled_5","SkewFilled_6","SkewFilled_7","SkewFilled_8","SkewFilled_9","SkewFilled_10","SkewFilled_11","SkewFilled_12","SkewFilled","Lag1Orig_1","Lag1Orig_2","Lag1Orig_3","Lag1Orig_4","Lag1Orig_5","Lag1Orig_6","Lag1Orig_7","Lag1Orig_8","Lag1Orig_9","Lag1Orig_10","Lag1Orig_11","Lag1Orig_12","Lag1Orig","Lag1Filled_1","Lag1Filled_2","Lag1Filled_3","Lag1Filled_4","Lag1Filled_5","Lag1Filled_6","Lag1Filled_7","Lag1Filled_8","Lag1Filled_9","Lag1Filled_10","Lag1Filled_11","Lag1Filled_12","Lag1Filled"
09010500,43,43,43,43,43,44,44,44,44,43,43,43,43,88,88,88,88,88,88,88,88,88,88,88,88,88,478.,395.,460.,1694.,11683.,26127.,13468.,4165.,2365.,1449.,893.,596.,64002.,525.,411.,453.,1892.,12617.,27351.,13704.,4177.,2355.,1484.,933.,639.,66540.,455.,392.,426.,1706.,10731.,26343.,11007.,3424.,1689.,1218.,766.,541.,63955.,510.,391.,432.,1799.,12424.,25329.,12435.,3528.,1778.,1343.,843.,580.,63561.,141.,103.,118.,877.,4233.,7316.,7902.,2175.,2905.,829.,376.,204.,16084.,184.,143.,111.,1118.,4261.,8976.,7399.,1972.,2431.,715.,381.,216.,18311.,0.30,0.26,0.26,0.52,0.36,0.28,0.59,0.52,1.23,0.57,0.42,0.34,0.25,0.35,0.35,0.25,0.59,0.34,0.33,0.54,0.47,1.03,0.48,0.41,0.34,0.28,0.31,0.08,0.56,0.75,0.41,0.00,0.91,1.43,5.68,2.46,1.51,0.90,0.06,1.45,2.12,0.71,2.12,0.47,1.02,0.97,1.08,5.63,1.91,1.18,0.86,0.69,0.91,0.93,0.76,0.30,0.26,-0.04,0.63,0.85,0.03,0.16,0.93,0.88,0.12,0.86,0.87,0.54,0.16,0.24,0.12,0.68,0.81,0.11,0.27,0.89,0.88,0.24
09011000,62,62,62,62,62,62,62,62,62,62,62,62,62,88,88,88,88,88,88,88,88,88,88,88,88,88,1076.,933.,1081.,3618.,17880.,36976.,18263.,5413.,2881.,2258.,1591.,1234.,93204.,1081.,946.,1082.,3612.,17999.,37024.,17489.,5423.,3060.,2268.,1613.,1252.,92849.,1051.,899.,991.,3417.,16299.,34731.,16941.,5013.,2326.,1932.,1460.,1115.,86303.,1082.,935.,1017.,3470.,16841.,35211.,15718.,5013.,2527.,2011.,1478.,1160.,86470.,320.,264.,325.,2284.,6884.,13186.,9488.,2639.,2138.,1145.,609.,418.,28757.,286.,230.,304.,2035.,6580.,12399.,9089.,2505.,2031.,1025.,561.,373.,26772.,0.30,0.28,0.30,0.63,0.39,0.36,0.52,0.49,0.74,0.51,0.38,0.34,0.31,0.26,0.24,0.28,0.56,0.37,0.33,0.52,0.46,0.66,0.45,0.35,0.30,0.29,1.18,1.44,1.82,2.33,0.90,0.94,0.82,0.80,4.13,2.53,1.02,1.01,0.61,1.16,1.39,2.11,2.29,0.68,0.80,0.91,0.81,3.52,2.45,0.94,0.92,0.56,0.86,0.96,0.82,0.42,0.34,0.49,0.71,0.79,0.27,0.57,0.87,0.90,0.30,0.84,0.93,0.76,0.36,0.29,0.46,0.70,0.77,0.27,0.56,0.87,0.86,0.23
09019500,22,22,22,22,58,58,58,58,58,22,22,22,21,88,88,88,88,88,88,88,88,88,88,88,88,88,12776.,10530.,12091.,15972.,56664.,103579.,54251.,18053.,9208.,9371.,9838.,12184.,329313.,5485.,7238.,6136.,14694.,57867.,106262.,54918.,18101.,8669.,6616.,5035.,4978.,296001.,15886.,14081.,18433.,17025.,53615.,104668.,47874.,16365.,7226.,7205.,12838.,15778.,352089.,3013.,3125.,3586.,15707.,55730.,107098.,49004.,16101.,7404.,5503.,3513.,2698.,283388.,9986.,7602.,8476.,9320.,18206.,34006.,29883.,7805.,6852.,6294.,6828.,8830.,83146.,6557.,6370.,5801.,7079.,17879.,33903.,29936.,8114.,5992.,4517.,4573.,6154.,77040.,0.78,0.72,0.70,0.58,0.32,0.33,0.55,0.43,0.74,0.67,0.69,0.72,0.25,1.20,0.88,0.95,0.48,0.31,0.32,0.55,0.45,0.69,0.68,0.91,1.24,0.26,0.10,-0.12,-0.18,1.07,0.32,-0.26,1.15,0.26,1.34,0.07,-0.23,-0.16,-0.53,2.28,0.74,1.72,0.78,0.26,-0.28,1.20,0.58,1.52,1.10,1.75,2.02,0.04,0.95,0.96,0.96,0.75,0.36,0.10,0.38,0.56,0.53,0.40,0.70,0.95,0.18,0.95,0.64,0.57,0.45,0.29,0.13,0.51,0.60,0.56,0.59,0.71,0.95,0.18
09021000,43,43,43,43,43,43,43,43,43,43,43,43,43,88,88,88,88,88,88,88,88,88,88,88,88,88,915.,605.,1149.,3867.,21826.,18491.,5162.,2311.,1272.,1393.,1059.,851.,58901.,927.,713.,1208.,4408.,22078.,19433.,5190.,2276.,1635.,1399.,1350.,885.,61502.,685.,674.,912.,3162.,19476.,17151.,3908.,1818.,1007.,1009.,871.,573.,58661.,834.,651.,1067.,3877.,20844.,17735.,4772.,1951.,1606.,1216.,1170.,682.,58825.,455.,531.,861.,2675.,9208.,10273.,3393.,1324.,1109.,1214.,793.,1454.,21441.,374.,563.,636.,2645.,8630.,10131.,2710.,1005.,988.,883.,878.,1081.,19149.,0.50,0.88,0.75,0.69,0.42,0.56,0.66,0.57,0.87,0.87,0.75,1.71,0.36,0.40,0.79,0.53,0.60,0.39,0.52,0.52,0.44,0.60,0.63,0.65,1.22,0.31,0.93,3.04,2.56,1.24,0.76,0.79,1.85,1.27,1.38,4.48,0.54,5.60,0.42,0.93,2.34,2.83,1.30,0.78,0.82,1.80,1.46,0.70,5.49,0.87,6.46,0.30,0.04,-0.63,-0.14,0.32,0.31,0.37,0.89,0.58,0.04,0.52,-0.16,-0.29,0.13,0.16,-0.10,-0.03,0.28,0.25,0.32,0.80,0.58,0.06,0.42,-0.12,-0.06,0.09
09024000,86,86,86,86,86,86,86,86,86,86,86,86,86,88,88,88,88,88,88,88,88,88,88,88,88,88,484.,405.,466.,891.,4547.,10595.,5373.,2273.,1321.,1010.,743.,574.,28684.,484.,405.,467.,898.,4540.,10634.,5383.,2275.,1330.,1011.,743.,575.,28743.,479.,401.,447.,842.,4326.,10359.,4788.,2057.,1235.,967.,709.,553.,28317.,479.,399.,447.,845.,4326.,10359.,4788.,2057.,1236.,967.,709.,553.,28317.,97.,75.,94.,371.,1783.,3430.,2567.,777.,414.,275.,183.,144.,6793.,96.,74.,93.,374.,1764.,3418.,2572.,775.,416.,273.,181.,142.,6773.,0.20,0.18,0.20,0.42,0.39,0.32,0.48,0.34,0.31,0.27,0.25,0.25,0.24,0.20,0.18,0.20,0.42,0.39,0.32,0.48,0.34,0.31,0.27,0.24,0.25,0.24,0.27,-0.07,1.07,1.08,0.57,0.56,1.35,1.15,1.14,1.01,0.78,1.73,0.45,0.28,-0.06,1.04,1.04,0.59,0.54,1.31,1.13,1.10,1.00,0.79,1.74,0.43,0.82,0.79,0.44,0.44,0.29,0.27,0.61,0.75,0.64,0.78,0.74,0.70,0.26,0.82,0.79,0.43,0.45,0.28,0.26,0.62,0.75,0.64,0.77,0.74,0.70,0.25
09025000,62,62,62,62,62,62,62,63,63,62,62,62,62,88,88,88,88,88,88,88,88,88,88,88,88,88,567.,468.,503.,761.,3814.,8588.,4764.,2154.,1237.,949.,766.,655.,25256.,566.,462.,500.,807.,4172.,9130.,4834.,2168.,1322.,936.,789.,654.,26341.,558.,451.,458.,702.,3543.,8706.,4176.,1820.,1106.,890.,750.,614.,24559.,569.,445.,470.,755.,3903.,9018.,4379.,1899.,1207.,881.,759.,625.,26339.,160.,147.,142.,284.,1516.,2804.,2494.,1022.,491.,323.,220.,192.,6426.,145.,137.,131.,304.,1625.,3223.,2369.,960.,458.,280.,207.,167.,6613.,0.28,0.31,0.28,0.37,0.40,0.33,0.52,0.47,0.40,0.34,0.29,0.29,0.25,0.26,0.30,0.26,0.38,0.39,0.35,0.49,0.44,0.35,0.30,0.26,0.26,0.25,-0.02,0.40,0.45,1.03,0.76,-0.06,1.58,1.74,1.67,1.54,0.77,0.38,0.44,-0.09,0.40,0.70,1.16,0.56,0.17,1.37,1.55,1.15,1.77,0.63,0.43,0.25,0.88,0.90,0.93,0.47,0.28,0.19,0.63,0.87,0.86,0.78,0.79,0.77,0.16,0.87,0.79,0.74,0.29,0.28,0.20,0.66,0.82,0.78,0.70,0.70,0.73,0.14
09026500,62,62,62,62,62,62,62,63,63,62,62,62,62,88,88,88,88,88,88,88,88,88,88,88,88,88,436.,361.,401.,647.,3480.,9581.,5597.,2119.,1171.,944.,655.,512.,25924.,486.,409.,445.,681.,3833.,10157.,5735.,2177.,1222.,992.,712.,558.,27406.,429.,371.,403.,558.,3309.,10016.,4791.,1829.,1067.,848.,627.,502.,25955.,488.,413.,462.,627.,3729.,10291.,5092.,2024.,1143.,973.,706.,554.,26821.,163.,133.,136.,280.,1462.,2941.,2824.,921.,381.,317.,221.,182.,6618.,169.,144.,152.,271.,1544.,3418.,2737.,845.,370.,287.,212.,195.,7086.,0.37,0.37,0.34,0.43,0.42,0.31,0.50,0.43,0.33,0.34,0.34,0.36,0.26,0.35,0.35,0.34,0.40,0.40,0.34,0.48,0.39,0.30,0.29,0.30,0.35,0.26,0.05,0.14,-0.05,1.59,1.06,-0.13,1.41,1.83,1.00,1.39,0.93,0.46,0.31,-0.18,-0.09,0.70,1.24,0.74,0.15,1.19,1.62,0.93,0.98,0.28,0.43,0.20,0.91,0.93,0.89,0.32,0.33,0.30,0.57,0.84,0.78,0.78,0.78,0.89,0.16,0.78,0.93,0.79,0.30,0.32,0.28,0.63,0.80,0.75,0.77,0.79,0.81,0.16
09032000,62,62,62,62,62,62,62,62,62,62,62,62,62,88,88,88,88,88,88,88,88,88,88,88,88,88,253.,203.,212.,422.,3245.,7163.,2785.,979.,547.,372.,336.,291.,16808.,262.,210.,220.,436.,3308.,7747.,2772.,981.,557.,386.,337.,290.,17505.,252.,205.,216.,380.,3026.,6983.,2138.,857.,492.,345.,329.,293.,16125.,264.,216.,221.,408.,3134.,7325.,2446.,890.,518.,367.,336.,289.,17670.,57.,45.,48.,204.,1235.,2514.,1880.,404.,207.,211.,116.,74.,4628.,52.,45.,47.,197.,1205.,3035.,1716.,361.,186.,189.,102.,64.,4834.,0.23,0.22,0.23,0.48,0.38,0.35,0.67,0.41,0.38,0.57,0.35,0.26,0.28,0.20,0.22,0.21,0.45,0.36,0.39,0.62,0.37,0.33,0.49,0.30,0.22,0.28,0.05,0.01,-0.37,1.43,0.44,0.19,2.06,1.94,1.08,2.65,1.42,0.24,0.42,-0.30,0.20,-0.33,1.26,0.48,0.63,1.97,1.91,1.06,2.46,1.40,0.30,0.28,0.88,0.83,0.79,0.43,0.28,0.15,0.70,0.71,0.64,0.75,0.72,0.83,0.09,0.80,0.76,0.74,0.37,0.17,0.20,0.57,0.69,0.63,0.76,0.68,0.77,0.04
09032499,17,17,17,17,17,17,17,17,17,17,17,17,17,88,88,88,88,88,88,88,88,88,88,88,88,88,61.,45.,81.,317.,1921.,3691.,1009.,335.,228.,208.,94.,73.,8064.,58.,41.,79.,341.,2305.,3708.,1139.,350.,238.,210.,103.,65.,8637.,58.,45.,73.,320.,1886.,3841.,729.,264.,208.,181.,89.,67.,7900.,59.,39.,78.,311.,2275.,3714.,1035.,315.,232.,204.,99.,67.,8700.,12.,11.,19.,154.,632.,1666.,729.,205.,74.,85.,42.,18.,2278.,10.,8.,12.,190.,844.,1368.,692.,153.,64.,62.,29.,16.,2072.,0.20,0.24,0.24,0.49,0.33,0.45,0.72,0.61,0.32,0.41,0.45,0.24,0.28,0.18,0.21,0.15,0.56,0.37,0.37,0.61,0.44,0.27,0.30,0.28,0.25,0.24,0.40,0.31,0.57,0.28,-0.15,0.01,1.43,2.17,-0.06,1.63,2.68,0.14,0.34,0.23,0.35,0.79,1.51,0.43,0.14,1.46,1.57,0.37,1.05,1.41,0.34,0.20,0.96,0.97,0.56,0.90,0.51,-0.23,0.74,0.84,0.61,0.71,0.78,0.72,0.23,0.77,0.64,0.35,0.29,0.28,-0.01,0.57,0.62,0.48,0.53,0.51,0.41,0.09
09032500,26,26,26,26,26,26,26,26,26,26,26,26,26,88,88,88,88,88,88,88,88,88,88,88,88,88,407.,341.,440.,1763.,7803.,11636.,3687.,1422.,785.,699.,606.,481.,30072.,418.,440.,513.,1899.,8506.,12942.,4294.,1548.,866.,744.,610.,508.,33288.,374.,331.,398.,1739.,7238.,10763.,2986.,1297.,712.,649.,607.,462.,29389.,419.,434.,478.,1776.,8375.,12115.,3682.,1472.,832.,690.,614.,493.,32504.,133.,149.,209.,752.,2705.,4683.,2512.,615.,296.,258.,136.,124.,8078.,121.,152.,188.,759.,2613.,5389.,2604.,566.,272.,417.,110.,125.,8751.,0.33,0.44,0.47,0.43,0.35,0.40,0.68,0.43,0.38,0.37,0.22,0.26,0.27,0.29,0.35,0.37,0.40,0.31,0.42,0.61,0.37,0.31,0.56,0.18,0.25,0.26,0.98,0.17,1.50,0.62,0.40,0.59,2.73,1.52,1.03,0.38,0.43,0.35,0.49,0.58,0.14,1.04,1.03,0.22,0.57,1.70,1.82,1.02,4.79,0.11,0.37,0.28,0.70,0.88,0.84,0.44,0.21,0.17,0.71,0.72,0.74,0.76,0.76,0.78,-0.07,0.43,0.46,0.52,0.45,0.11,0.20,0.62,0.69,0.69,0.60,0.47,0.54,0.07
09033500,9,9,9,9,9,9,9,9,9,9,9,9,9,88,88,88,88,88,88,88,88,88,88,88,88,88,43.,32.,58.,510.,2617.,1908.,822.,280.,62.,97.,49.,44.,6522.,37.,38.,55.,612.,2973.,1920.,854.,300.,68.,62.,61.,37.,7018.,31.,28.,50.,517.,2259.,1915.,814.,225.,35.,67.,35.,31.,6341.,35.,32.,49.,544.,2738.,1968.,820.,279.,50.,46.,52.,30.,6830.,33.,21.,29.,297.,1005.,497.,266.,129.,46.,80.,34.,33.,1809.,16.,19.,29.,360.,1493.,357.,265.,136.,52.,50.,41.,33.,1971.,0.76,0.66,0.50,0.58,0.38,0.26,0.32,0.46,0.74,0.83,0.69,0.74,0.28,0.42,0.49,0.53,0.59,0.50,0.19,0.31,0.45,0.77,0.81,0.66,0.89,0.28,2.19,1.98,1.47,0.09,2.11,0.81,1.35,1.50,0.34,1.97,1.26,2.08,2.00,2.32,1.14,2.61,1.68,2.23,-0.01,0.85,1.03,2.10,2.26,1.36,3.39,1.31,0.97,0.99,0.87,0.54,0.43,0.74,0.26,0.87,0.59,0.44,0.82,0.94,-0.23,0.42,0.43,0.38,0.12,0.24,0.35,0.44,0.65,0.54,0.53,0.45,0.49,0.15
09034000,19,19,19,19,19,19,19,19,19,20,20,20,19,88,88,88,88,88,88,88,88,88,88,88,88,88,2171.,2018.,2876.,10350.,34193.,52499.,21666.,9707.,5209.,4230.,2800.,2522.,150320.,2342.,2012.,3098.,10154.,34579.,52360.,21723.,8549.,5405.,4842.,2816.,2525.,150406.,2090.,1957.,2741.,11158.,34187.,51595.,18252.,9469.,4549.,4199.,2673.,2418.,146317.,2355.,1988.,2962.,10022.,33795.,49084.,18364.,7657.,5022.,4624.,2780.,2505.,144777.,458.,338.,599.,3280.,9618.,19199.,9700.,3637.,1988.,994.,575.,432.,39588.,435.,267.,791.,3088.,9458.,18947.,12606.,3945.,1760.,1398.,453.,301.,38391.,0.21,0.17,0.21,0.32,0.28,0.37,0.45,0.37,0.38,0.23,0.21,0.17,0.26,0.19,0.13,0.26,0.30,0.27,0.36,0.58,0.46,0.33,0.29,0.16,0.12,0.26,0.00,-0.10,0.08,-0.11,0.09,0.00,0.75,0.77,1.27,0.16,0.37,0.26,-0.24,-0.01,0.23,1.76,0.99,0.28,0.55,1.37,0.82,1.58,1.41,0.32,0.32,0.39,0.60,0.96,0.30,0.11,0.51,0.69,0.76,0.75,0.74,0.82,0.80,0.48,0.18,0.51,0.49,0.33,0.30,0.44,0.34,0.74,0.74,0.63,0.41,0.35,0.54,0.29
09034250,15,15,15,15,15,15,15,15,15,15,15,15,15,88,88,88,88,88,88,88,88,88,88,88,88,88,6615.,6153.,9107.,28718.,127195.,195184.,92526.,31212.,15617.,11442.,8499.,6540.,538809.,8468.,7610.,10581.,29835.,121048.,189274.,85004.,30672.,16439.,13191.,9314.,8531.,529967.,6153.,6067.,8395.,30392.,123211.,184932.,67002.,25673.,13220.,9566.,7631.,5878.,503063.,6348.,5877.,7896.,28407.,116914.,183040.,76957.,28327.,14347.,11505.,7747.,6374.,536130.,1337.,1225.,1925.,10429.,46162.,65600.,59700.,15400.,7522.,5752.,2324.,2008.,152725.,6258.,4939.,6097.,12673.,38077.,64564.,44041.,11972.,8964.,7216.,4808.,6050.,135131.,0.20,0.20,0.21,0.36,0.36,0.34,0.65,0.49,0.48,0.50,0.27,0.31,0.28,0.74,0.65,0.58,0.42,0.31,0.34,0.52,0.39,0.55,0.55,0.52,0.71,0.25,0.97,1.44,1.15,0.45,0.77,0.09,1.15,1.13,1.08,1.01,0.38,1.38,0.51,2.14,2.03,1.56,1.34,0.48,0.27,1.16,0.87,1.64,1.51,1.33,1.71,0.05,0.25,0.39,0.65,0.71,0.27,0.26,0.86,0.95,0.61,0.53,0.94,0.73,0.24,0.92,0.96,0.88,0.49,0.33,0.34,0.66,0.68,0.54,0.66,0.61,0.89,0.10
09034500,82,82,82,82,82,82,82,82,82,82,82,82,82,88,88,88,88,88,88,88,88,88,88,88,88,88,8713.,7873.,10883.,30152.,120751.,188924.,85198.,30740.,15793.,13449.,9355.,8834.,530666.,8699.,7776.,10925.,30336.,121118.,188782.,85965.,30942.,15954.,13485.,9364.,8749.,532096.,6379.,6023.,8063.,28380.,117457.,183553.,78028.,29031.,14333.,11734.,7606.,6443.,530190.,6480.,6023.,8552.,29138.,117457.,183553.,78028.,28752.,14430.,12067.,7912.,6513.,530189.,6577.,5213.,6293.,12837.,38577.,65235.,43262.,11491.,7915.,7493.,5146.,6319.,138076.,6359.,5054.,6162.,12568.,38815.,64742.,43926.,11639.,7812.,7318.,4988.,6130.,136335.,0.75,0.66,0.58,0.43,0.32,0.35,0.51,0.37,0.50,0.56,0.55,0.72,0.26,0.73,0.65,0.56,0.41,0.32,0.34,0.51,0.38,0.49,0.54,0.53,0.70,0.26,2.05,1.88,1.52,1.45,0.57,0.28,1.09,0.65,1.53,1.48,1.22,1.63,0.08,2.11,1.98,1.52,1.40,0.56,0.28,1.12,0.65,1.49,1.46,1.25,1.70,0.07,0.93,0.96,0.90,0.51,0.34,0.37,0.66,0.69,0.52,0.67,0.54,0.90,0.11,0.93,0.95,0.88,0.50,0.34,0.34,0.67,0.71,0.53,0.66,0.54,0.89,0.07
09034800,7,7,7,7,7,7,7,7,7,7,7,7,7,88,88,88,88,88,88,88,88,88,88,88,88,88,13.,14.,28.,167.,1113.,557.,73.,33.,40.,54.,28.,20.,2140.,14.,13.,26.,168.,1495.,739.,81.,35.,31.,65.,33.,22.,2723.,8.,10.,18.,76.,959.,488.,48.,28.,16.,14.,14.,12.,1544.,12.,11.,24.,121.,1406.,653.,69.,31.,22.,36.,22.,20.,2612.,11.,12.,18.,171.,658.,318.,51.,24.,47.,93.,35.,19.,1256.,9.,7.,11.,141.,680.,454.,47.,25.,27.,77.,31.,14.,1058.,0.85,0.88,0.65,1.02,0.59,0.57,0.69,0.72,1.17,1.71,1.25,0.98,0.59,0.65,0.55,0.41,0.84,0.45,0.61,0.58,0.70,0.85,1.18,0.94,0.62,0.39,1.93,2.09,0.79,1.50,0.88,0.46,1.34,2.03,1.75,2.53,2.56,2.18,1.11,1.97,1.13,1.10,1.94,0.89,0.98,1.58,2.29,2.31,2.27,2.92,1.75,0.41,0.98,0.98,0.84,0.95,0.79,0.85,0.84,0.72,0.24,0.99,1.00,0.98,-0.55,0.38,0.67,0.23,0.42,0.20,0.36,0.76,0.69,0.57,0.53,0.19,0.28,0.33
09034900,31,31,31,31,31,31,31,31,31,31,31,31,31,88,88,88,88,88,88,88,88,88,88,88,88,88,53.,44.,47.,87.,896.,3392.,1883.,586.,274.,181.,101.,67.,7611.,50.,41.,52.,108.,1161.,3631.,1867.,596.,292.,185.,100.,63.,8146.,52.,40.,45.,74.,879.,3406.,1509.,479.,265.,168.,94.,65.,7210.,45.,38.,49.,79.,1070.,3534.,1632.,534.,286.,170.,99.,59.,7774.,11.,9.,11.,48.,490.,840.,983.,331.,108.,66.,29.,13.,1708.,11.,9.,22.,74.,670.,966.,896.,267.,100.,63.,20.,9.,2014.,0.20,0.20,0.23,0.55,0.55,0.25,0.52,0.56,0.40,0.36,0.29,0.20,0.22,0.22,0.23,0.42,0.68,0.58,0.27,0.48,0.45,0.34,0.34,0.20,0.15,0.25,0.39,0.76,0.66,1.88,0.33,0.14,1.17,1.92,1.17,0.59,1.36,1.55,0.55,3.98,2.16,5.16,1.84,1.01,0.14,0.89,1.46,1.22,0.79,1.44,2.58,0.41,0.86,0.79,0.82,0.04,0.50,-0.04,0.32,0.83,0.78,0.67,0.76,0.48,0.19,0.62,0.68,0.53,0.17,0.39,0.14,0.51,0.76,0.67,0.52,0.63,0.42,0.16
09035500,39,39,39,39,39,39,40,40,40,39,39,39,39,88,88,88,88,88,88,88,88,88,88,88,88,88,186.,149.,163.,311.,2671.,8257.,4327.,1299.,675.,501.,323.,232.,19097.,191.,154.,177.,311.,2893.,8679.,4441.,1322.,715.,532.,319.,234.,19970.,184.,141.,160.,272.,2517.,8111.,3686.,1101.,653.,480.,312.,232.,18805.,192.,153.,169.,279.,2673.,8721.,3908.,1224.,691.,523.,312.,234.,19512.,58.,49.,61.,150.,1303.,2062.,2464.,681.,205.,181.,99.,60.,4237.,48.,41.,68.,139.,1377.,2271.,2305.,577.,190.,168.,72.,48.,4711.,0.31,0.33,0.37,0.48,0.49,0.25,0.57,0.52,0.30,0.36,0.31,0.26,0.22,0.25,0.27,0.38,0.45,0.48,0.26,0.52,0.44,0.27,0.32,0.23,0.20,0.24,1.58,1.07,1.83,1.24,0.25,0.00,1.57,2.04,1.28,2.20,2.68,1.30,0.65,1.07,0.73,1.08,1.10,0.73,0.16,1.10,1.61,1.15,1.75,3.07,1.01,0.34,0.89,0.84,0.95,0.55,0.47,-0.15,0.44,0.84,0.65,0.85,0.90,0.82,0.23,0.82,0.75,0.62,0.31,0.28,0.15,0.53,0.76,0.59,0.71,0.73,0.73,0.06
09036000,63,63,63,63,63,63,63,63,63,63,63,63,63,88,88,88,88,88,88,88,88,88,88,88,88,88,1317.,1104.,1206.,2229.,11574.,30316.,14627.,5049.,2890.,2471.,1850.,1535.,76169.,1351.,1121.,1217.,2350.,12571.,32656.,15000.,5128.,2997.,2490.,1881.,1570.,80330.,1293.,1081.,1198.,2097.,10215.,30734.,12085.,4475.,2715.,2333.,1788.,1488.,73116.,1347.,1131.,1213.,2227.,12239.,32173.,13520.,4772.,2812.,2402.,1866.,1553.,76692.,200.,138.,138.,847.,4584.,9274.,8679.,2194.,902.,784.,397.,277.,19110.,184.,126.,124.,828.,4788.,10214.,8225.,2030.,848.,680.,359.,256.,19698.,0.15,0.12,0.11,0.38,0.40,0.31,0.59,0.43,0.31,0.32,0.21,0.18,0.25,0.14,0.11,0.10,0.35,0.38,0.31,0.55,0.40,0.28,0.27,0.19,0.16,0.25,0.74,0.46,0.33,1.61,0.89,0.15,1.60,1.63,1.47,2.28,1.27,0.68,0.57,0.32,0.18,0.15,1.23,0.66,0.26,1.43,1.47,1.27,2.41,1.10,0.35,0.30,0.92,0.91,0.82,0.40,0.39,0.12,0.56,0.90,0.72,0.87,0.89,0.89,0.17,0.84,0.85,0.80,0.37,0.37,0.22,0.56,0.83,0.71,0.81,0.84,0.81,0.16
09037500,79,79,79,79,79,79,79,79,79,79,79,79,79,88,88,88,88,88,88,88,88,88,88,88,88,88,2340.,2039.,2485.,4895.,20787.,43592.,22846.,8559.,5187.,4083.,3096.,2644.,122552.,2353.,2046.,2489.,4997.,21052.,43823.,22925.,8688.,5270.,4097.,3090.,2664.,123494.,2266.,1997.,2385.,4412.,19087.,43500.,19242.,7766.,4942.,3871.,2909.,2554.,118710.,2333.,2021.,2402.,4507.,19144.,43882.,20432.,7878.,4968.,3891.,2935.,2587.,121374.,457.,397.,640.,1910.,7345.,14177.,11667.,3208.,1726.,1273.,699.,548.,32773.,435.,377.,608.,1916.,7362.,13803.,11273.,3186.,1741.,1222.,664.,529.,32023.,0.20,0.19,0.26,0.39,0.35,0.33,0.51,0.37,0.33,0.31,0.23,0.21,0.27,0.18,0.18,0.24,0.38,0.35,0.31,0.49,0.37,0.33,0.30,0.21,0.20,0.26,0.95,0.65,1.74,1.43,0.93,0.29,1.15,0.83,0.63,0.91,0.76,0.68,0.36,0.89,0.62,1.80,1.31,0.86,0.24,1.13,0.77,0.71,0.91,0.82,0.59,0.29,0.82,0.90,0.75,0.41,0.37,0.42,0.76,0.85,0.73,0.73,0.79,0.86,0.32,0.81,0.90,0.75,0.39,0.34,0.42,0.76,0.82,0.74,0.72,0.78,0.84,0.32
09038500,43,43,43,43,43,44,44,44,44,44,43,43,43,88,88,88,88,88,88,88,88,88,88,88,88,88,2507.,2265.,3001.,6105.,19349.,40278.,19874.,7252.,4394.,3663.,2824.,2541.,113647.,2560.,2277.,3113.,6484.,20821.,43420.,21871.,8115.,5072.,3998.,3091.,2616.,123438.,2447.,2219.,2925.,5467.,16467.,42630.,16511.,6412.,4102.,3239.,2671.,2556.,110549.,2533.,2261.,3072.,5973.,19102.,43533.,19195.,7417.,4571.,3888.,3062.,2667.,119013.,423.,345.,647.,2533.,8676.,13419.,11194.,3130.,1628.,1500.,664.,481.,33594.,356.,260.,577.,2253.,7670.,13882.,10598.,3047.,2399.,1444.,655.,392.,31550.,0.17,0.15,0.22,0.41,0.45,0.33,0.56,0.43,0.37,0.41,0.24,0.19,0.30,0.14,0.11,0.19,0.35,0.37,0.32,0.48,0.38,0.47,0.36,0.21,0.15,0.26,0.45,0.44,1.13,2.12,1.30,0.05,1.61,1.24,1.37,2.16,0.98,-0.42,0.58,0.29,0.40,0.93,1.52,0.85,0.25,1.15,0.79,2.50,1.55,0.27,-0.43,0.23,0.40,0.62,0.57,0.46,0.49,0.53,0.76,0.86,0.66,0.79,0.77,0.65,0.23,0.36,0.49,0.41,0.39,0.44,0.44,0.77,0.80,0.60,0.56,0.71,0.50,0.25
09039000,40,40,40,40,40,40,40,40,40,40,40,40,40,88,88,88,88,88,88,88,88,88,88,88,88,88,654.,603.,703.,1171.,5385.,7221.,2576.,1184.,952.,889.,749.,671.,22758.,653.,614.,687.,1164.,5650.,7697.,2567.,1191.,930.,933.,744.,698.,23531.,654.,609.,681.,1088.,4529.,6341.,2137.,1091.,933.,829.,719.,675.,22603.,653.,624.,674.,1127.,5282.,7213.,2373.,1154.,885.,920.,734.,716.,22822.,134.,125.,143.,429.,2388.,3881.,1303.,363.,221.,198.,160.,152.,7113.,133.,88.,104.,321.,1997.,3573.,1053.,294.,185.,168.,130.,116.,5902.,0.20,0.21,0.20,0.37,0.44,0.54,0.51,0.31,0.23,0.22,0.21,0.23,0.31,0.20,0.14,0.15,0.28,0.35,0.46,0.41,0.25,0.20,0.18,0.17,0.17,0.25,-0.08,0.68,0.64,2.55,0.74,0.96,2.30,0.84,0.56,1.30,0.61,0.12,0.44,0.04,0.52,1.11,2.69,0.65,0.76,2.03,0.64,0.96,0.63,0.71,-0.38,0.28,0.90,0.85,0.81,0.37,0.48,0.39,0.87,0.75,0.75,0.52,0.68,0.75,0.18,0.53,0.54,0.70,0.29,0.44,0.27,0.81,0.74,0.67,0.46,0.57,0.55,0.12
09040000,36,36,36,37,37,37,37,37,37,36,36,36,36,88,88,88,88,88,88,88,88,88,88,88,88,88,290.,274.,393.,2175.,9929.,6914.,1479.,483.,356.,422.,354.,311.,23648.,303.,285.,418.,2273.,10366.,7370.,1447.,481.,399.,424.,378.,322.,24466.,303.,278.,369.,1605.,9031.,6103.,1074.,409.,336.,353.,328.,311.,21876.,311.,285.,396.,1937.,9067.,6033.,1105.,411.,386.,378.,357.,325.,22503.,74.,60.,130.,1568.,4679.,4750.,999.,340.,186.,256.,104.,92.,10092.,52.,47.,120.,1409.,4990.,4713.,949.,308.,183.,192.,106.,68.,9636.,0.26,0.22,0.33,0.72,0.47,0.69,0.68,0.71,0.52,0.61,0.30,0.30,0.43,0.17,0.16,0.29,0.62,0.48,0.64,0.66,0.64,0.46,0.45,0.28,0.21,0.39,-0.90,-0.36,1.04,2.18,0.62,1.20,0.75,2.05,0.77,3.15,0.66,-0.30,0.37,-1.55,-0.72,1.23,1.74,0.84,1.02,0.93,1.79,0.39,2.98,0.56,-0.62,0.45,0.90,0.81,0.59,0.38,0.46,0.51,0.91,0.82,0.56,0.70,0.71,0.74,0.04,0.83,0.71,0.41,0.35,0.34,0.41,0.82,0.79,0.57,0.56,0.53,0.44,0.17
09041000,25,25,25,25,25,25,25,25,25,25,25,25,25,88,88,88,88,88,88,88,88,88,88,88,88,88,325.,304.,602.,4942.,19000.,11263.,2173.,790.,453.,385.,385.,358.,40980.,349.,318.,601.,4702.,18843.,12174.,2227.,839.,493.,366.,397.,371.,41678.,275.,255.,500.,3487.,18439.,9563.,2010.,696.,400.,228.,265.,298.,39780.,354.,306.,545.,3560.,18197.,10287.,2108.,770.,456.,295.,303.,350.,39795.,121.,116.,513.,3497.,6105.,6467.,1314.,386.,219.,419.,296.,166.,12547.,87.,106.,353.,2988.,4834.,7065.,987.,351.,186.,272.,239.,115.,10968.,0.37,0.38,0.85,0.71,0.32,0.57,0.60,0.49,0.48,1.09,0.77,0.46,0.31,0.25,0.33,0.59,0.64,0.26,0.58,0.44,0.42,0.38,0.74,0.60,0.31,0.26,0.49,0.52,3.78,1.33,1.38,0.99,2.37,1.69,1.00,2.28,2.68,1.22,0.71,0.01,0.42,3.57,1.27,0.94,0.72,1.44,0.82,0.74,2.52,2.21,1.08,0.32,0.89,0.94,0.44,0.55,0.22,0.33,0.90,0.89,0.51,0.83,0.90,0.89,0.09,0.78,0.71,0.47,0.37,0.14,0.29,0.69,0.75,0.52,0.66,0.78,0.71,0.16
09041200,19,19,19,19,19,19,19,19,19,19,19,19,19,88,88,88,88,88,88,88,88,88,88,88,88,88,172.,148.,193.,435.,2985.,4999.,2660.,705.,525.,415.,289.,215.,13741.,241.,208.,261.,462.,3175.,5490.,2958.,779.,492.,414.,328.,254.,15060.,163.,139.,191.,380.,2791.,4899.,2563.,750.,521.,364.,227.,202.,13318.,171.,153.,201.,425.,3200.,5012.,2988.,754.,461.,395.,265.,188.,14924.,137.,109.,133.,300.,1383.,1857.,793.,332.,274.,214.,201.,169.,3634.,274.,211.,236.,187.,1215.,2207.,582.,300.,218.,139.,213.,247.,3708.,0.79,0.73,0.69,0.69,0.46,0.37,0.30,0.47,0.52,0.52,0.70,0.79,0.26,1.14,1.02,0.90,0.40,0.38,0.40,0.20,0.39,0.44,0.34,0.65,0.97,0.25,1.20,1.09,1.19,2.80,0.29,2.07,0.19,0.42,0.17,0.53,0.73,0.97,0.50,3.29,3.13,2.66,2.20,0.19,1.30,-0.14,0.74,1.37,0.59,1.50,2.69,0.39,0.91,0.98,0.98,0.37,0.32,0.17,0.87,0.70,0.46,0.82,0.88,0.94,0.00,0.95,0.98,0.94,0.09,0.32,0.17,0.70,0.55,0.34,0.67,0.32,0.80,0.27
09041500,8,8,8,8,9,9,9,9,9,8,8,8,8,88,88,88,88,88,88,88,88,88,88,88,88,88,581.,803.,2079.,7950.,33580.,28156.,10179.,2979.,1316.,366.,362.,472.,87598.,445.,601.,1839.,8961.,41406.,24794.,9341.,2769.,1279.,713.,1015.,404.,93568.,453.,605.,1579.,5758.,33364.,26417.,8825.,2463.,1389.,120.,208.,207.,81977.,363.,527.,1711.,7485.,41646.,24385.,9050.,2660.,1090.,301.,853.,244.,96264.,443.,635.,1433.,5234.,14070.,12448.,4515.,1340.,689.,449.,464.,513.,31687.,300.,307.,705.,4979.,14597.,9715.,2952.,1006.,680.,908.,737.,485.,24393.,0.76,0.79,0.69,0.66,0.42,0.44,0.44,0.45,0.52,1.23,1.28,1.09,0.36,0.68,0.51,0.38,0.56,0.35,0.39,0.32,0.36,0.53,1.27,0.73,1.20,0.26,0.88,1.99,2.70,1.53,0.81,0.37,1.38,0.36,-0.07,0.69,1.64,1.26,0.20,1.41,2.10,2.23,1.37,0.09,0.15,0.69,1.18,1.06,1.89,1.56,3.54,-0.23,0.96,0.90,0.88,0.85,0.28,0.51,0.90,0.79,0.57,-999.00,0.80,0.90,0.61,0.40,0.54,0.54,0.36,0.13,0.37,0.61,0.55,0.33,0.29,-0.04,0.08,0.30
09046600,39,39,39,39,39,39,39,39,39,39,39,39,39,88,88,88,88,88,88,88,88,88,88,88,88,88,1616.,1375.,1474.,2516.,11962.,23918.,14518.,7749.,4977.,3502.,2321.,1916.,77845.,1639.,1389.,1444.,2794.,13720.,26059.,15082.,7930.,4788.,3415.,2285.,1872.,82418.,1599.,1301.,1461.,2241.,10199.,24074.,12651.,7065.,4884.,3209.,2051.,1893.,74535.,1597.,1314.,1429.,2689.,12222.,25062.,13886.,7231.,4640.,3211.,2228.,1873.,81470.,309.,251.,219.,1028.,5320.,8570.,7173.,3021.,1473.,1286.,619.,421.,21575.,293.,255.,155.,1121.,5607.,8564.,6305.,2834.,1350.,996.,532.,306.,19926.,0.19,0.18,0.15,0.41,0.44,0.36,0.49,0.39,0.30,0.37,0.27,0.22,0.28,0.18,0.18,0.11,0.40,0.41,0.33,0.42,0.36,0.28,0.29,0.23,0.16,0.24,0.48,0.72,0.66,2.05,1.30,0.23,1.58,1.60,0.78,1.62,1.68,1.41,0.71,0.57,0.72,1.23,1.21,0.93,0.09,1.20,1.09,0.83,1.66,1.30,1.69,0.31,0.92,0.93,0.87,0.21,0.32,0.39,0.82,0.83,0.75,0.85,0.92,0.93,0.25,0.63,0.89,0.56,0.16,0.34,0.42,0.78,0.74,0.66,0.80,0.85,0.74,0.16
09047000,51,51,51,51,50,50,50,50,50,51,51,51,50,88,88,88,88,88,88,88,88,88,88,88,88,88,1516.,1327.,1515.,2983.,15896.,29058.,15867.,8064.,4515.,3308.,2229.,1826.,88199.,1594.,1340.,1472.,2808.,14301.,28589.,15635.,8069.,4814.,3422.,2198.,1792.,86033.,1550.,1306.,1496.,2895.,14577.,28336.,14401.,7444.,4281.,3213.,2269.,1835.,85106.,1607.,1291.,1477.,2670.,12756.,27508.,14363.,7325.,4685.,3217.,2171.,1763.,83542.,405.,323.,314.,1163.,5827.,8252.,5879.,2875.,1290.,722.,458.,425.,19039.,394.,294.,261.,1126.,5859.,7132.,6675.,2975.,1406.,1016.,485.,389.,18817.,0.27,0.24,0.21,0.39,0.37,0.28,0.37,0.36,0.29,0.22,0.21,0.23,0.22,0.25,0.22,0.18,0.40,0.41,0.25,0.43,0.37,0.29,0.30,0.22,0.22,0.22,-0.02,0.04,0.48,0.93,0.86,0.01,0.85,0.69,0.80,0.20,0.36,0.09,0.25,-0.11,0.17,0.81,1.29,0.93,-0.03,1.17,1.06,0.79,1.61,1.31,0.49,0.31,0.87,0.90,0.82,0.28,0.20,0.44,0.73,0.64,0.62,0.80,0.73,0.85,0.01,0.53,0.82,0.66,0.32,0.33,0.38,0.67,0.74,0.66,0.80,0.71,0.76,0.11
09047500,49,49,49,49,49,49,49,49,49,49,49,49,49,88,88,88,88,88,88,88,88,88,88,88,88,88,732.,594.,649.,1074.,6043.,17016.,9294.,4184.,2315.,1673.,1161.,943.,45676.,729.,598.,648.,1136.,7006.,17966.,9735.,4388.,2381.,1692.,1207.,915.,48400.,726.,590.,615.,916.,5286.,17803.,8323.,3661.,2154.,1561.,1075.,901.,44930.,722.,590.,634.,1032.,6672.,17894.,9068.,3988.,2257.,1624.,1191.,886.,47254.,143.,115.,111.,396.,2744.,5246.,4672.,1870.,826.,584.,300.,225.,10773.,119.,93.,86.,432.,3056.,5187.,4172.,1676.,732.,487.,283.,181.,10704.,0.20,0.19,0.17,0.37,0.45,0.31,0.50,0.45,0.36,0.35,0.26,0.24,0.24,0.16,0.16,0.13,0.38,0.44,0.29,0.43,0.38,0.31,0.29,0.23,0.20,0.22,0.50,0.75,0.44,1.10,0.91,-0.23,1.50,1.84,2.02,2.60,1.83,0.95,0.32,0.78,0.74,0.53,0.85,0.69,-0.05,1.14,1.40,1.84,2.38,1.12,1.32,0.22,0.84,0.83,0.80,0.31,0.25,0.03,0.66,0.75,0.78,0.90,0.93,0.80,0.10,0.73,0.73,0.73,0.26,0.30,0.10,0.70,0.72,0.72,0.83,0.79,0.69,0.07
09050100,39,39,39,39,39,39,39,39,39,39,39,39,39,88,88,88,88,88,88,88,88,88,88,88,88,88,1053.,946.,1081.,2195.,15542.,29361.,13247.,4911.,2811.,2075.,1634.,1313.,76169.,1008.,868.,1001.,2228.,16427.,31842.,13212.,4973.,2688.,2102.,1557.,1230.,79137.,977.,831.,909.,1992.,13892.,30553.,11093.,4147.,2575.,1922.,1475.,1275.,71321.,953.,809.,886.,2047.,15104.,30799.,11317.,4333.,2566.,1957.,1452.,1136.,74211.,315.,335.,462.,1050.,5838.,9854.,8059.,2604.,1150.,861.,690.,372.,21455.,229.,257.,427.,1033.,5423.,13234.,7635.,2215.,918.,689.,528.,288.,22841.,0.30,0.35,0.43,0.48,0.38,0.34,0.61,0.53,0.41,0.42,0.42,0.28,0.28,0.23,0.30,0.43,0.46,0.33,0.42,0.58,0.45,0.34,0.33,0.34,0.23,0.29,1.25,1.28,1.53,1.10,0.89,0.05,1.27,2.22,2.12,1.79,2.54,0.79,0.55,1.85,1.95,2.43,1.08,0.71,0.87,1.48,1.69,2.12,1.56,2.74,1.36,0.46,0.88,0.81,0.81,0.47,0.27,0.03,0.79,0.77,0.82,0.89,0.90,0.79,0.24,0.77,0.78,0.77,0.41,0.14,0.16,0.68,0.71,0.75,0.78,0.77,0.64,0.09
09050700,37,37,37,37,37,37,37,37,37,36,36,36,36,88,88,88,88,88,88,88,88,88,88,88,88,88,4895.,4269.,4933.,8878.,38614.,75722.,41845.,19797.,11965.,8469.,5832.,5188.,229617.,6142.,5405.,6218.,10923.,39808.,83856.,46809.,25167.,15230.,10788.,7998.,6700.,265045.,4551.,3864.,4771.,8204.,35546.,78982.,36863.,16981.,11366.,7110.,5280.,4927.,221427.,5555.,4819.,5819.,9768.,36845.,82346.,43868.,23607.,14101.,9877.,7247.,5602.,256094.,1288.,984.,930.,3172.,14477.,25639.,20611.,8693.,3614.,3073.,1335.,1106.,61093.,2114.,1851.,1884.,4424.,12304.,32131.,21492.,10028.,5496.,4130.,2882.,2528.,71043.,0.26,0.23,0.19,0.36,0.37,0.34,0.49,0.44,0.30,0.36,0.23,0.21,0.27,0.34,0.34,0.30,0.41,0.31,0.38,0.46,0.40,0.36,0.38,0.36,0.38,0.27,1.34,1.42,0.55,1.43,1.41,0.05,1.29,2.02,1.23,1.93,1.11,1.33,0.70,0.74,0.83,0.73,0.84,1.01,0.59,1.54,0.72,0.77,0.71,0.67,0.92,0.34,0.84,0.79,0.80,0.33,0.43,0.31,0.82,0.75,0.85,0.82,0.82,0.82,0.15,0.90,0.92,0.92,0.60,0.25,0.28,0.65,0.59,0.76,0.76,0.87,0.92,0.30
09052800,28,28,28,28,28,28,28,28,28,28,28,28,28,88,88,88,88,88,88,88,88,88,88,88,88,88,179.,149.,187.,497.,2817.,6446.,4666.,1809.,868.,509.,297.,230.,18652.,175.,149.,199.,567.,3207.,6641.,4689.,1841.,905.,545.,313.,213.,19443.,178.,142.,188.,468.,2862.,6818.,4635.,1684.,805.,468.,274.,225.,17399.,174.,143.,193.,506.,3127.,6818.,4513.,1723.,829.,538.,304.,199.,19876.,54.,39.,53.,220.,941.,1695.,1909.,863.,363.,199.,82.,66.,4426.,38.,44.,49.,327.,1026.,1808.,1868.,711.,328.,165.,68.,50.,4198.,0.30,0.26,0.28,0.44,0.33,0.26,0.41,0.48,0.42,0.39,0.28,0.29,0.24,0.22,0.29,0.25,0.58,0.32,0.27,0.40,0.39,0.36,0.30,0.22,0.24,0.22,0.58,0.16,0.29,0.12,0.40,-0.35,0.41,1.41,0.75,1.08,0.54,0.31,0.32,0.63,4.76,0.58,1.55,0.39,-0.36,0.92,0.92,0.62,0.99,0.17,1.11,-0.06,0.80,0.84,0.75,0.24,0.24,0.30,0.63,0.89,0.51,0.72,0.80,0.72,0.20,0.56,0.48,0.30,0.15,0.18,0.13,0.62,0.80,0.52,0.61,0.69,0.38,0.12
09053500,30,30,30,30,30,30,30,30,30,30,30,30,30,88,88,88,88,88,88,88,88,88,88,88,88,88,7579.,6426.,7643.,15448.,57888.,109970.,66267.,35707.,18230.,12994.,9766.,8249.,356166.,7689.,6541.,7847.,15785.,61536.,113503.,68375.,35838.,18864.,13380.,9365.,8339.,367064.,7807.,6537.,7974.,14904.,48303.,116724.,57594.,34587.,18209.,13078.,10026.,8483.,366231.,7625.,6302.,7728.,15531.,55913.,112948.,66171.,34261.,18434.,13458.,9172.,8385.,364359.,2035.,1538.,1513.,5778.,19009.,33765.,27772.,10511.,4327.,3736.,2081.,1820.,76500.,2118.,1496.,1833.,4910.,20720.,32681.,25559.,10641.,4748.,3927.,1707.,2087.,77724.,0.27,0.24,0.20,0.37,0.33,0.31,0.42,0.29,0.24,0.29,0.21,0.22,0.21,0.28,0.23,0.23,0.31,0.34,0.29,0.37,0.30,0.25,0.29,0.18,0.25,0.21,-0.21,-0.38,-0.70,1.09,0.93,-0.40,1.39,0.66,0.61,1.86,-0.28,-0.25,0.04,0.20,0.53,0.58,1.01,0.89,-0.03,1.07,1.00,0.72,0.95,0.46,0.42,0.21,0.88,0.81,0.77,0.48,0.18,0.37,0.74,0.75,0.72,0.72,0.70,0.72,0.14,0.79,0.63,0.69,0.34,0.25,0.36,0.77,0.74,0.69,0.69,0.68,0.61,0.19
09054000,35,35,35,35,35,35,36,36,36,35,35,35,35,88,88,88,88,88,88,88,88,88,88,88,88,88,165.,134.,168.,580.,3452.,7808.,5980.,2440.,1068.,526.,297.,221.,22993.,168.,138.,164.,662.,3740.,7900.,5964.,2484.,1127.,529.,327.,232.,23436.,160.,132.,164.,422.,3360.,7744.,5782.,2216.,976.,459.,256.,225.,22956.,171.,140.,160.,620.,3551.,8078.,5790.,2365.,1049.,484.,320.,233.,23336.,35.,34.,46.,447.,1127.,1547.,2240.,898.,447.,249.,105.,62.,4185.,25.,25.,36.,410.,1243.,1602.,2044.,819.,404.,251.,111.,51.,4436.,0.21,0.26,0.28,0.77,0.33,0.20,0.37,0.37,0.42,0.47,0.35,0.28,0.18,0.15,0.18,0.22,0.62,0.33,0.20,0.34,0.33,0.36,0.47,0.34,0.22,0.19,1.04,0.82,0.61,1.82,0.25,-0.27,0.26,1.46,0.87,0.70,0.58,0.54,0.35,0.84,0.50,0.88,1.41,0.52,-0.22,0.57,0.97,0.96,1.38,0.39,0.12,-0.01,0.70,0.81,0.82,0.32,0.12,-0.15,0.48,0.80,0.47,0.74,0.76,0.76,0.31,0.55,0.79,0.59,0.25,0.24,0.15,0.53,0.79,0.50,0.65,0.60,0.46,0.12
09055300,28,28,28,28,28,28,28,28,28,28,28,28,28,88,88,88,88,88,88,88,88,88,88,88,88,88,78.,63.,78.,355.,2854.,6245.,3137.,797.,384.,244.,148.,109.,14490.,77.,62.,76.,429.,3145.,6364.,3023.,828.,429.,267.,141.,97.,14937.,77.,62.,72.,306.,2781.,6533.,2721.,748.,327.,179.,125.,99.,14829.,74.,61.,74.,374.,3098.,6431.,2740.,776.,351.,229.,133.,87.,14649.,24.,18.,22.,202.,940.,1653.,1698.,413.,247.,167.,67.,37.,3271.,18.,13.,15.,304.,1039.,1663.,1539.,368.,345.,158.,51.,28.,3454.,0.31,0.29,0.28,0.57,0.33,0.26,0.54,0.52,0.64,0.68,0.45,0.34,0.23,0.23,0.20,0.20,0.71,0.33,0.26,0.51,0.44,0.80,0.59,0.36,0.29,0.23,0.45,0.36,0.77,0.74,-0.08,-0.37,0.91,0.91,1.25,1.03,0.76,0.60,-0.05,0.66,0.55,1.07,1.89,0.58,0.21,1.10,0.71,4.14,1.66,1.01,1.19,0.19,0.87,0.90,0.80,0.31,0.17,-0.12,0.54,0.85,0.36,0.78,0.80,0.87,0.04,0.55,0.68,0.54,0.08,0.24,0.08,0.67,0.79,0.22,0.59,0.64,0.60,0.15
09057500,54,54,54,54,54,54,54,54,54,54,54,54,54,88,88,88,88,88,88,88,88,88,88,88,88,88,8035.,6711.,8788.,17744.,67629.,125736.,79217.,36580.,19187.,13156.,9602.,8395.,400781.,7981.,6858.,8993.,18722.,72702.,131629.,78602.,37625.,20438.,13725.,9758.,8375.,415405.,7454.,6579.,8774.,16437.,58506.,131575.,67200.,33630.,18213.,12586.,8942.,8063.,399072.,7688.,6840.,8934.,18104.,65858.,130572.,71218.,34700.,19582.,13562.,9313.,8064.,409824.,2587.,1690.,1753.,6024.,24457.,42731.,42295.,14034.,5803.,4572.,2434.,2364.,96390.,2090.,1402.,1583.,5749.,24707.,42952.,36919.,12884.,5491.,3910.,2147.,2092.,93467.,0.32,0.25,0.20,0.34,0.36,0.34,0.53,0.38,0.30,0.35,0.25,0.28,0.24,0.26,0.20,0.18,0.31,0.34,0.33,0.47,0.34,0.27,0.28,0.22,0.25,0.23,3.02,-0.78,0.09,1.23,1.17,-0.51,1.90,1.42,1.49,1.52,0.45,0.89,0.50,3.48,-1.06,0.09,0.99,0.90,-0.08,1.79,1.11,0.99,1.20,0.40,0.79,0.37,0.59,0.03,0.57,0.51,0.31,0.35,0.33,0.67,0.78,0.82,0.81,0.81,0.25,0.59,0.08,0.54,0.38,0.33,0.39,0.42,0.67,0.71,0.78,0.76,0.72,0.16
09058000,44,44,44,44,44,44,44,44,44,44,44,44,44,88,88,88,88,88,88,88,88,88,88,88,88,88,20620.,19109.,28037.,71899.,267112.,426483.,214627.,82234.,44052.,33600.,23984.,20633.,1252389.,22703.,18841.,27826.,75109.,267689.,415481.,200708.,82579.,44376.,36510.,23185.,26120.,1241128.,20882.,18798.,26908.,65405.,258355.,417887.,200467.,77453.,42068.,29075.,22679.,20079.,1211249.,20149.,18708.,26708.,68154.,257041.,409808.,184801.,77020.,41914.,34726.,21589.,20505.,1206805.,3597.,3087.,7635.,29457.,93960.,158206.,103813.,31807.,14215.,15078.,6163.,4627.,345847.,11392.,2563.,7021.,29928.,85647.,142204.,92587.,29381.,14703.,14794.,5400.,15657.,306219.,0.17,0.16,0.27,0.41,0.35,0.37,0.48,0.39,0.32,0.45,0.26,0.22,0.28,0.50,0.14,0.25,0.40,0.32,0.34,0.46,0.36,0.33,0.41,0.23,0.60,0.25,-0.23,1.53,1.46,2.21,0.98,0.38,0.80,1.20,1.19,2.07,1.10,1.40,0.33,3.58,1.58,1.85,1.47,0.71,0.36,1.11,1.03,1.41,1.04,1.16,1.78,0.28,0.77,0.65,0.50,0.40,0.38,0.46,0.80,0.85,0.75,0.73,0.81,0.71,0.14,0.56,0.06,0.41,0.32,0.37,0.42,0.76,0.77,0.67,0.56,0.52,-0.09,0.10
09060500,28,28,28,28,28,28,28,28,28,28,28,28,28,88,88,88,88,88,88,88,88,88,88,88,88,88,406.,371.,520.,3025.,9342.,6232.,1215.,633.,540.,626.,507.,444.,23862.,425.,370.,518.,2778.,10058.,6475.,1233.,655.,563.,633.,526.,473.,24707.,411.,368.,461.,1942.,9105.,5736.,1141.,633.,476.,548.,476.,430.,24323.,415.,367.,501.,2583.,10011.,5728.,1204.,620.,539.,564.,495.,486.,23716.,88.,89.,216.,2291.,3725.,3761.,659.,183.,229.,319.,168.,100.,8119.,80.,60.,156.,1464.,3635.,4278.,493.,173.,180.,253.,138.,77.,7454.,0.22,0.24,0.42,0.76,0.40,0.60,0.54,0.29,0.42,0.51,0.33,0.23,0.34,0.19,0.16,0.30,0.53,0.36,0.66,0.40,0.26,0.32,0.40,0.26,0.16,0.30,-0.19,0.77,1.82,1.40,0.12,0.91,2.26,0.53,1.94,2.37,1.88,1.00,0.04,0.10,0.56,1.99,1.96,0.49,1.64,1.66,0.44,1.25,1.56,1.19,0.14,0.62,0.72,0.90,0.61,0.33,0.40,0.50,0.93,0.69,0.31,0.82,0.88,0.79,-0.01,0.46,0.58,0.38,0.23,0.15,0.43,0.74,0.65,0.49,0.69,0.75,0.60,0.11
09060700,8,8,8,8,8,8,8,8,8,8,8,8,8,88,88,88,88,88,88,88,88,88,88,88,88,88,275.,250.,430.,1139.,3186.,1221.,601.,540.,409.,321.,263.,271.,8905.,277.,226.,400.,1410.,3149.,1257.,625.,586.,409.,347.,244.,257.,9187.,270.,248.,392.,1044.,2864.,1201.,599.,478.,395.,302.,249.,275.,9047.,279.,219.,386.,1145.,2952.,1270.,619.,553.,390.,334.,237.,246.,9195.,51.,66.,154.,665.,1969.,488.,96.,157.,98.,109.,65.,39.,2409.,55.,65.,91.,922.,1544.,342.,127.,140.,119.,110.,46.,67.,2081.,0.18,0.26,0.36,0.58,0.62,0.40,0.16,0.29,0.24,0.34,0.25,0.14,0.27,0.20,0.29,0.23,0.65,0.49,0.27,0.20,0.24,0.29,0.32,0.19,0.26,0.23,-0.43,-0.67,0.93,0.65,0.62,0.32,-0.27,0.49,1.03,-0.01,1.23,0.25,0.25,-0.62,0.56,0.90,2.13,0.35,0.06,5.11,0.74,3.26,0.75,0.98,0.27,0.34,0.35,0.98,0.16,0.57,-0.31,0.74,0.76,0.91,0.62,0.81,0.72,0.37,0.33,0.29,0.23,0.24,0.09,-0.09,0.43,0.44,0.48,0.35,0.42,0.33,0.38,0.15
09063000,67,67,67,67,67,67,67,67,67,67,67,67,67,88,88,88,88,88,88,88,88,88,88,88,88,88,639.,574.,723.,1961.,10695.,14299.,4259.,1786.,1144.,1008.,806.,692.,38585.,637.,576.,744.,2002.,10831.,13975.,4076.,1769.,1148.,1002.,809.,688.,38255.,624.,557.,680.,1712.,8903.,13897.,3585.,1571.,1018.,901.,774.,669.,38047.,623.,564.,708.,1830.,9264.,13582.,3623.,1565.,1056.,946.,795.,649.,38183.,140.,146.,209.,1031.,5221.,6513.,2337.,754.,419.,313.,203.,154.,13046.,128.,135.,202.,973.,4969.,6163.,2160.,716.,389.,290.,185.,141.,12040.,0.22,0.25,0.29,0.53,0.49,0.46,0.55,0.42,0.37,0.31,0.25,0.22,0.34,0.20,0.23,0.27,0.49,0.46,0.44,0.53,0.40,0.34,0.29,0.23,0.21,0.31,0.35,1.04,1.28,0.75,0.95,0.31,1.43,1.16,1.16,1.06,1.07,0.62,0.33,0.38,0.97,1.08,0.69,0.93,0.38,1.55,1.11,1.17,1.06,1.04,0.67,0.36,0.81,0.79,0.81,0.64,0.43,0.43,0.85,0.73,0.79,0.79,0.82,0.76,0.41,0.79,0.78,0.69,0.58,0.41,0.35,0.85,0.71,0.74,0.75,0.79,0.72,0.36
09064000,31,31,31,31,31,31,31,32,32,31,31,31,31,88,88,88,88,88,88,88,88,88,88,88,88,88,348.,379.,590.,895.,10814.,20452.,8975.,1757.,756.,1449.,874.,372.,47563.,354.,329.,490.,1255.,12309.,20983.,8546.,1807.,800.,999.,644.,390.,48907.,257.,231.,313.,818.,10509.,20346.,7523.,1082.,571.,682.,465.,334.,50196.,360.,316.,413.,1082.,11982.,20459.,7373.,1305.,737.,678.,508.,401.,48276.,312.,515.,902.,589.,4324.,6328.,6675.,1983.,868.,3363.,1766.,243.,13370.,211.,317.,558.,943.,4318.,6385.,6007.,1532.,592.,2032.,1074.,176.,12585.,0.90,1.36,1.53,0.66,0.40,0.31,0.74,1.13,1.15,2.32,2.02,0.65,0.28,0.59,0.96,1.14,0.75,0.35,0.30,0.70,0.85,0.74,2.03,1.67,0.45,0.26,2.13,3.27,3.47,0.26,0.18,-0.16,1.02,1.73,3.47,4.76,4.90,0.40,-0.11,2.19,5.05,5.32,2.74,0.26,0.11,1.48,1.62,3.78,7.76,7.78,0.11,0.11,0.09,0.41,0.38,-0.34,0.13,-0.27,0.69,0.64,0.08,0.16,-0.03,-0.28,0.14,0.28,0.47,0.40,-0.06,0.16,0.00,0.62,0.63,0.21,0.18,0.02,-0.21,0.10
09065100,36,36,36,36,36,36,36,36,36,36,36,36,36,88,88,88,88,88,88,88,88,88,88,88,88,88,178.,155.,227.,1264.,7407.,15108.,8291.,2649.,1294.,809.,415.,251.,38050.,674.,568.,652.,1227.,8321.,15206.,7945.,2635.,1257.,917.,734.,683.,40820.,171.,143.,197.,1134.,7156.,15185.,6742.,2370.,1062.,555.,352.,243.,37544.,249.,185.,206.,1094.,7974.,14912.,6991.,2370.,1088.,772.,421.,253.,40158.,87.,77.,121.,688.,2815.,3764.,5049.,1624.,743.,592.,214.,116.,9387.,1100.,907.,1008.,654.,2733.,3730.,4119.,1336.,646.,611.,771.,1015.,9827.,0.49,0.50,0.53,0.54,0.38,0.25,0.61,0.61,0.57,0.73,0.52,0.46,0.25,1.63,1.60,1.55,0.53,0.33,0.25,0.52,0.51,0.51,0.67,1.05,1.48,0.24,0.03,0.79,1.34,0.97,0.71,-0.27,0.93,1.50,1.64,1.87,0.66,0.57,0.31,2.24,2.10,2.05,1.67,0.39,0.04,1.02,1.29,1.58,1.72,1.94,2.09,0.13,0.85,0.89,0.76,0.30,0.11,-0.15,0.59,0.81,0.19,0.81,0.89,0.83,0.13,0.98,0.98,0.99,0.19,0.13,0.00,0.67,0.77,0.37,0.52,0.42,0.97,0.19
09065500,42,42,42,42,42,42,42,42,42,42,42,42,42,88,88,88,88,88,88,88,88,88,88,88,88,88,196.,172.,222.,694.,4183.,9210.,4382.,1267.,572.,452.,295.,228.,21872.,191.,177.,232.,787.,4587.,9621.,4128.,1193.,552.,435.,301.,229.,22434.,170.,145.,186.,634.,3908.,9455.,3509.,1020.,521.,372.,262.,212.,21401.,177.,157.,208.,723.,4505.,9621.,3413.,1001.,485.,384.,272.,215.,21401.,96.,96.,136.,311.,1433.,2687.,2740.,896.,257.,221.,136.,92.,5538.,68.,79.,117.,456.,1505.,2892.,2361.,712.,228.,187.,111.,73.,5384.,0.49,0.56,0.61,0.45,0.34,0.29,0.63,0.71,0.45,0.49,0.46,0.40,0.25,0.36,0.45,0.51,0.58,0.33,0.30,0.57,0.60,0.41,0.43,0.37,0.32,0.24,3.13,3.18,3.02,0.57,0.21,-0.33,1.14,2.52,1.18,1.30,2.60,2.31,0.48,4.15,2.98,2.89,2.17,0.28,0.07,1.41,2.61,1.61,1.86,2.42,2.22,0.34,0.95,0.98,0.91,0.35,0.30,-0.11,0.62,0.86,0.66,0.78,0.88,0.88,0.22,0.86,0.79,0.78,0.20,0.25,0.05,0.58,0.79,0.60,0.70,0.73,0.75,0.11
09068000,22,22,22,22,22,22,22,22,22,22,22,22,22,88,88,88,88,88,88,88,88,88,88,88,88,88,1151.,976.,1086.,1523.,4740.,9299.,4517.,2438.,1862.,1719.,1409.,1245.,31966.,1166.,984.,1123.,1563.,5444.,10319.,4866.,2497.,1896.,1778.,1412.,1255.,34305.,1155.,979.,1052.,1356.,4359.,10181.,3911.,2194.,1796.,1655.,1420.,1261.,31234.,1188.,984.,1116.,1510.,5258.,10181.,4436.,2327.,1839.,1765.,1392.,1255.,33579.,129.,104.,133.,457.,1611.,3550.,2693.,804.,523.,387.,224.,156.,7236.,98.,64.,115.,342.,1741.,3306.,2082.,843.,454.,306.,187.,138.,6713.,0.11,0.11,0.12,0.30,0.34,0.38,0.60,0.33,0.28,0.22,0.16,0.13,0.23,0.08,0.06,0.10,0.22,0.32,0.32,0.43,0.34,0.24,0.17,0.13,0.11,0.20,-0.37,0.01,0.76,1.63,1.26,0.27,2.39,1.23,0.62,0.70,0.87,0.18,0.55,-0.54,-0.20,0.98,1.23,0.81,0.80,1.42,0.91,0.35,0.53,0.78,0.18,0.54,0.89,0.71,0.86,0.38,0.42,0.19,0.71,0.75,0.57,0.80,0.77,0.65,0.02,0.76,0.61,0.52,0.38,0.22,0.37,0.66,0.78,0.65,0.71,0.66,0.74,0.15
09069500,12,12,12,12,12,12,12,12,12,12,12,12,12,88,88,88,88,88,88,88,88,88,88,88,88,88,1197.,1016.,1102.,1169.,2030.,6192.,3017.,1966.,1570.,1552.,1378.,1281.,23470.,1215.,1034.,1146.,1185.,2342.,6865.,3449.,2001.,1693.,1635.,1416.,1285.,25267.,1240.,1018.,1055.,1183.,1718.,6037.,2726.,1923.,1523.,1499.,1344.,1266.,22873.,1233.,1016.,1123.,1182.,2293.,6435.,3190.,1961.,1646.,1620.,1368.,1274.,24640.,183.,136.,136.,123.,733.,2861.,942.,399.,293.,244.,205.,225.,5107.,176.,119.,117.,72.,787.,2570.,1187.,348.,290.,261.,223.,211.,4342.,0.15,0.13,0.12,0.11,0.36,0.46,0.31,0.20,0.19,0.16,0.15,0.18,0.22,0.14,0.11,0.10,0.06,0.34,0.37,0.34,0.17,0.17,0.16,0.16,0.16,0.17,-0.34,-0.18,0.53,-0.10,1.04,0.96,0.65,1.21,1.17,0.28,0.30,0.00,0.68,-0.28,0.02,0.48,-0.20,0.34,1.04,1.16,0.60,0.93,0.43,1.02,0.07,0.58,0.95,0.93,0.88,0.83,0.37,0.27,0.85,0.86,0.92,0.94,0.94,0.97,0.36,0.65,0.67,0.34,0.35,0.32,0.11,0.70,0.69,0.54,0.33,0.34,0.41,0.21
09070000,50,50,50,50,50,50,50,50,50,50,50,50,50,88,88,88,88,88,88,88,88,88,88,88,88,88,9955.,9584.,11141.,21384.,91217.,156858.,74563.,27961.,17832.,15951.,11827.,11082.,459356.,10317.,9781.,11492.,21912.,93312.,165651.,73160.,28199.,18946.,16303.,11673.,11180.,471927.,9930.,8986.,10853.,17828.,79140.,160399.,61988.,24200.,16194.,14227.,10926.,10385.,439485.,10658.,9909.,11590.,19536.,84830.,160838.,65543.,24931.,17845.,15463.,11171.,11209.,460933.,1944.,4056.,2413.,9021.,34855.,54080.,45453.,13576.,7147.,6450.,4325.,4538.,126440.,1552.,3079.,1957.,8308.,31359.,61272.,39047.,11773.,6345.,5392.,3483.,3432.,119487.,0.20,0.42,0.22,0.42,0.38,0.34,0.61,0.49,0.40,0.40,0.37,0.41,0.28,0.15,0.31,0.17,0.38,0.34,0.37,0.53,0.42,0.33,0.33,0.30,0.31,0.25,-2.51,4.52,0.52,1.21,0.89,-0.05,1.16,1.60,1.08,0.94,0.54,4.13,0.37,-3.33,5.52,0.19,0.98,0.75,0.41,1.19,1.44,0.88,0.71,0.55,5.20,0.24,-0.04,-0.43,0.31,0.53,0.31,0.27,0.80,0.84,0.50,0.55,0.51,-0.42,0.23,-0.02,-0.36,0.31,0.46,0.28,0.26,0.73,0.79,0.54,0.56,0.53,-0.38,0.13
09070500,56,56,56,56,56,56,56,56,56,55,55,56,55,88,88,88,88,88,88,88,88,88,88,88,88,88,43409.,42106.,54609.,119803.,430346.,641043.,311208.,130287.,74219.,62515.,48362.,45173.,2006149.,46728.,44341.,56163.,121065.,446420.,678487.,309424.,132806.,79374.,65494.,51433.,46258.,2077992.,43379.,41433.,52801.,103350.,402559.,651141.,267542.,119672.,69094.,57549.,46566.,43478.,1979565.,46464.,46531.,55290.,112232.,414483.,664476.,282484.,122987.,75553.,63383.,53012.,46749.,2054016.,8072.,8315.,11058.,49785.,147878.,210954.,162451.,49336.,24257.,22560.,11750.,8123.,509540.,9110.,7752.,10104.,46536.,148017.,248520.,147680.,45510.,23982.,20034.,12413.,7514.,513459.,0.19,0.20,0.20,0.42,0.34,0.33,0.52,0.38,0.33,0.36,0.24,0.18,0.25,0.19,0.17,0.18,0.38,0.33,0.37,0.48,0.34,0.30,0.31,0.24,0.16,0.25,-0.11,0.76,0.92,1.99,0.91,0.22,1.21,1.37,1.85,1.65,-0.19,0.72,0.41,-0.23,0.11,0.43,1.69,0.73,0.50,1.16,1.13,1.36,1.20,-0.43,0.15,0.22,0.52,0.47,0.60,0.59,0.36,0.41,0.79,0.83,0.64,0.77,0.67,0.49,0.17,0.61,0.61,0.61,0.48,0.32,0.35,0.76,0.79,0.64,0.76,0.71,0.58,0.11
09071300,20,20,20,20,20,20,20,20,20,20,20,20,20,88,88,88,88,88,88,88,88,88,88,88,88,88,34.,23.,23.,109.,2532.,5506.,988.,148.,107.,135.,92.,59.,9755.,29.,52.,64.,182.,2147.,5220.,951.,141.,119.,99.,69.,33.,9106.,13.,7.,8.,41.,2433.,5228.,338.,120.,91.,70.,48.,30.,9205.,20.,34.,40.,123.,2160.,5287.,674.,131.,107.,79.,55.,18.,9058.,39.,30.,31.,169.,1443.,3120.,1137.,83.,64.,135.,89.,58.,3774.,27.,72.,84.,158.,1098.,2250.,835.,56.,52.,75.,50.,34.,2886.,1.15,1.32,1.38,1.56,0.57,0.57,1.15,0.56,0.60,1.00,0.97,0.98,0.39,0.91,1.40,1.32,0.87,0.51,0.43,0.88,0.40,0.44,0.76,0.73,1.03,0.32,1.41,1.40,1.66,2.26,-0.05,0.41,1.80,0.83,2.02,1.64,1.36,1.34,0.50,1.78,2.66,2.58,1.25,0.62,0.58,1.82,0.97,1.61,3.05,2.56,2.88,0.45,0.94,0.98,0.98,0.64,0.44,-0.48,0.70,0.70,0.79,0.90,0.97,0.96,0.29,0.63,0.00,0.97,0.48,0.25,-0.25,0.62,0.59,0.69,0.54,0.85,0.85,0.20
09072500,58,58,58,58,58,58,58,58,58,58,58,58,58,88,88,88,88,88,88,88,88,88,88,88,88,88,111861.,102449.,127715.,211665.,564062.,800071.,399771.,221058.,156726.,142412.,120689.,113642.,3072120.,107120.,100965.,124740.,208740.,557216.,795579.,410533.,218844.,154677.,141239.,119830.,109872.,3049354.,118058.,106761.,127138.,203124.,523745.,776984.,374728.,209141.,153597.,144881.,125189.,116830.,3011173.,108038.,105401.,122630.,200806.,518278.,787166.,388138.,208358.,152267.,145734.,121769.,110354.,3011169.,18649.,17795.,24525.,56508.,148056.,273723.,145281.,47570.,32370.,29723.,21118.,19519.,536519.,18489.,17049.,22840.,53317.,161409.,256156.,155224.,52245.,29706.,27530.,18499.,18762.,531219.,0.17,0.17,0.19,0.27,0.26,0.34,0.36,0.22,0.21,0.21,0.17,0.17,0.17,0.17,0.17,0.18,0.26,0.29,0.32,0.38,0.24,0.19,0.19,0.15,0.17,0.17,-0.99,-0.99,-0.26,1.30,0.60,0.47,1.09,0.49,0.76,0.29,-1.16,-1.05,0.06,-0.56,-0.48,0.07,1.26,0.60,0.39,0.97,0.86,0.90,0.37,-1.02,-0.47,0.17,0.90,0.91,0.79,0.46,0.31,0.34,0.77,0.74,0.61,0.78,0.82,0.84,0.04,0.81,0.79,0.75,0.53,0.33,0.24,0.77,0.79,0.63,0.75,0.76,0.69,0.15
09073400,32,32,32,32,32,32,32,32,32,32,32,32,32,88,88,88,88,88,88,88,88,88,88,88,88,88,1785.,1544.,1782.,3250.,20196.,45125.,21244.,6724.,3919.,3225.,2386.,2022.,113202.,1664.,1618.,1847.,3498.,22927.,46091.,20626.,6673.,3998.,3256.,2384.,2006.,116590.,1794.,1521.,1763.,3032.,19470.,48946.,17122.,5975.,3572.,2935.,2336.,1965.,108854.,1601.,1644.,1844.,3115.,21523.,47753.,17792.,6145.,3683.,3141.,2277.,2002.,113791.,308.,277.,323.,1108.,7822.,11346.,13416.,3893.,1533.,1152.,673.,450.,26826.,256.,265.,316.,1589.,7891.,12697.,11150.,3067.,1617.,1004.,570.,382.,26305.,0.17,0.18,0.18,0.34,0.39,0.25,0.63,0.58,0.39,0.36,0.28,0.22,0.24,0.15,0.16,0.17,0.45,0.34,0.28,0.54,0.46,0.40,0.31,0.24,0.19,0.23,-0.15,-0.16,0.21,0.75,0.29,-0.44,1.48,1.99,1.15,0.96,0.72,0.49,0.52,0.71,0.21,-0.02,1.45,0.42,0.03,1.73,1.59,1.24,0.75,0.69,0.49,0.51,0.92,0.88,0.72,0.45,0.40,-0.20,0.71,0.91,0.66,0.84,0.88,0.94,0.27,0.68,0.45,0.54,0.26,0.26,0.02,0.71,0.84,0.62,0.68,0.81,0.77,0.18
09074000,33,33,33,33,33,34,34,34,35,33,33,33,33,88,88,88,88,88,88,88,88,88,88,88,88,88,386.,326.,401.,1190.,9497.,18638.,6498.,1913.,980.,859.,593.,458.,42019.,407.,327.,403.,1379.,10552.,17483.,5803.,1885.,1046.,896.,620.,452.,41251.,372.,331.,389.,994.,9170.,18175.,5296.,1540.,807.,764.,532.,449.,39247.,388.,325.,405.,1211.,10103.,16723.,4630.,1588.,956.,803.,574.,433.,38850.,130.,98.,119.,573.,3854.,7397.,5997.,1590.,537.,445.,256.,159.,14859.,104.,67.,102.,694.,3791.,6615.,4734.,1193.,487.,394.,244.,154.,12211.,0.34,0.30,0.30,0.48,0.41,0.40,0.92,0.83,0.55,0.52,0.43,0.35,0.35,0.26,0.20,0.25,0.50,0.36,0.38,0.82,0.63,0.47,0.44,0.39,0.34,0.30,0.77,0.19,0.41,0.95,0.39,0.56,2.74,2.91,1.44,0.94,1.48,0.64,0.97,0.41,0.14,0.33,1.12,0.53,0.57,2.78,2.80,1.53,0.91,1.22,0.87,0.89,0.94,0.91,0.77,0.50,0.30,0.21,0.73,0.90,0.52,0.79,0.89,0.86,0.47,0.22,0.74,0.56,0.37,0.38,0.10,0.69,0.81,0.53,0.67,0.70,0.16,0.23
09074800,25,25,25,25,25,25,25,25,26,25,25,25,25,88,88,88,88,88,88,88,88,88,88,88,88,88,668.,558.,602.,820.,3987.,10573.,6685.,2791.,1739.,1280.,947.,800.,31448.,632.,553.,599.,851.,4469.,11518.,6533.,2934.,1760.,1117.,806.,770.,32542.,668.,544.,584.,736.,3600.,10572.,6308.,2670.,1696.,1226.,926.,772.,31094.,613.,544.,597.,810.,4269.,11314.,5965.,2724.,1680.,1048.,764.,758.,31917.,150.,110.,110.,276.,1564.,3080.,3281.,1123.,591.,328.,209.,165.,8701.,101.,78.,72.,230.,1522.,3371.,2912.,1159.,676.,294.,185.,99.,7824.,0.23,0.20,0.18,0.34,0.39,0.29,0.49,0.40,0.34,0.26,0.22,0.21,0.28,0.16,0.14,0.12,0.27,0.34,0.29,0.45,0.39,0.38,0.26,0.23,0.13,0.24,1.01,0.84,0.84,0.86,0.72,0.42,0.98,1.06,0.94,0.31,0.22,0.87,0.86,1.49,0.71,0.87,0.71,0.55,0.36,1.23,0.69,1.32,0.94,0.91,1.70,0.53,0.94,0.92,0.85,0.69,0.23,0.49,0.74,0.93,0.70,0.92,0.95,0.94,0.50,0.79,0.75,0.62,0.34,0.26,0.24,0.72,0.83,0.66,0.69,0.83,0.63,0.32
09075700,25,25,25,25,25,25,25,25,26,25,25,25,25,88,88,88,88,88,88,88,88,88,88,88,88,88,1157.,979.,998.,1177.,4518.,14743.,11738.,5261.,3042.,2379.,1706.,1373.,49076.,1109.,876.,952.,1182.,4812.,14874.,11272.,5677.,2969.,2163.,1600.,1356.,48841.,1089.,910.,914.,1077.,3822.,14476.,10366.,4596.,2943.,2154.,1621.,1325.,46825.,1090.,827.,915.,1161.,4463.,14684.,10448.,5081.,2832.,2085.,1573.,1338.,47005.,286.,262.,284.,430.,2272.,4195.,5407.,2212.,936.,696.,431.,330.,13786.,194.,184.,169.,294.,1973.,3556.,4990.,2552.,1004.,612.,334.,226.,11584.,0.25,0.27,0.28,0.37,0.50,0.28,0.46,0.42,0.31,0.29,0.25,0.24,0.28,0.17,0.21,0.18,0.25,0.41,0.24,0.44,0.45,0.34,0.28,0.21,0.17,0.24,0.54,0.71,1.40,1.63,1.16,0.09,0.33,0.71,0.67,0.99,0.74,0.58,0.71,0.80,1.72,2.36,1.30,0.87,-0.13,0.91,1.00,1.30,1.38,0.80,0.60,0.52,0.93,0.84,0.92,0.69,0.77,0.46,0.59,0.90,0.85,0.95,0.96,0.96,0.46,0.54,0.74,0.78,0.52,0.55,0.08,0.69,0.85,0.61,0.67,0.65,0.70,0.23
09078600,20,20,20,20,20,20,20,20,20,20,20,20,20,88,88,88,88,88,88,88,88,88,88,88,88,88,1345.,1195.,1653.,5172.,25922.,49664.,21550.,7093.,3617.,2928.,2039.,1620.,123797.,1343.,1186.,1667.,5407.,29002.,50709.,19725.,7194.,3757.,3220.,1967.,1706.,126882.,1299.,1222.,1628.,4493.,26674.,51288.,16649.,5562.,3038.,2304.,1749.,1539.,120730.,1314.,1192.,1595.,4944.,28472.,49625.,17247.,6285.,3324.,2889.,1796.,1610.,125173.,323.,243.,500.,1780.,8599.,17636.,14934.,5084.,1655.,1326.,685.,471.,40230.,223.,168.,413.,2182.,7327.,15754.,11044.,3516.,1693.,1285.,529.,627.,31175.,0.24,0.20,0.30,0.34,0.33,0.36,0.69,0.72,0.46,0.45,0.34,0.29,0.32,0.17,0.14,0.25,0.40,0.25,0.31,0.56,0.49,0.45,0.40,0.27,0.37,0.25,0.85,0.15,2.04,0.67,1.22,0.00,1.10,1.68,0.87,1.07,0.80,0.82,0.68,0.63,0.31,1.29,1.17,0.33,0.26,1.30,1.28,1.99,0.56,1.10,1.37,0.41,0.90,0.91,0.65,0.46,0.25,0.29,0.80,0.93,0.77,0.85,0.93,0.95,0.31,0.54,0.71,0.44,0.12,0.16,0.23,0.75,0.73,0.52,0.63,0.62,0.52,0.13
09080400,32,32,32,32,32,32,32,32,32,32,32,32,32,88,88,88,88,88,88,88,88,88,88,88,88,88,2483.,2119.,2837.,7686.,38478.,68215.,29129.,10174.,5907.,4935.,3459.,2847.,178270.,2568.,2177.,2841.,8189.,41837.,70265.,27241.,10424.,6092.,5151.,3559.,2940.,183284.,2513.,2134.,2816.,7023.,35727.,72418.,23596.,8306.,5276.,4208.,3217.,2758.,169707.,2566.,2232.,2735.,7642.,39901.,68116.,23315.,9521.,5489.,4968.,3410.,2913.,177365.,550.,488.,956.,2671.,14270.,23166.,18232.,5912.,2303.,1761.,1004.,772.,51261.,433.,418.,874.,2977.,13877.,24681.,15728.,4663.,2225.,1675.,859.,623.,49055.,0.22,0.23,0.34,0.35,0.37,0.34,0.63,0.58,0.39,0.36,0.29,0.27,0.29,0.17,0.19,0.31,0.36,0.33,0.35,0.58,0.45,0.37,0.33,0.24,0.21,0.27,-0.57,-0.17,1.40,0.84,0.92,-0.08,1.22,1.70,0.62,0.79,0.41,0.01,0.54,-0.72,-0.45,2.18,0.95,0.75,0.45,1.49,1.33,1.14,0.44,0.36,-0.26,0.58,0.88,0.66,0.80,0.63,0.33,0.21,0.78,0.85,0.74,0.85,0.86,0.93,0.31,0.83,0.69,0.37,0.37,0.24,0.32,0.75,0.78,0.64,0.57,0.67,0.84,0.14
09080800,5,5,5,5,5,5,5,5,5,5,5,5,5,88,88,88,88,88,88,88,88,88,88,88,88,88,63.,51.,73.,189.,1176.,1697.,1348.,614.,433.,155.,68.,65.,5933.,68.,73.,89.,344.,1251.,2087.,1717.,505.,354.,236.,78.,75.,6876.,51.,50.,70.,175.,744.,1043.,911.,645.,543.,118.,62.,61.,4289.,65.,65.,83.,299.,1025.,1858.,1330.,467.,292.,185.,74.,71.,6007.,21.,12.,11.,68.,864.,1281.,1026.,189.,177.,74.,23.,24.,3381.,19.,28.,27.,195.,795.,1379.,1255.,189.,212.,153.,22.,23.,3078.,0.34,0.22,0.15,0.36,0.73,0.75,0.76,0.31,0.41,0.48,0.34,0.38,0.57,0.27,0.39,0.30,0.57,0.64,0.66,0.73,0.37,0.60,0.65,0.28,0.31,0.45,1.78,1.28,0.60,1.39,1.57,1.65,1.81,-1.31,-1.27,0.63,1.29,0.96,1.64,0.76,0.76,2.74,1.61,1.25,2.04,1.58,0.30,1.92,2.70,0.70,0.33,1.64,-999.00,-999.00,-999.00,-999.00,-999.00,-999.00,-999.00,-999.00,-999.00,-999.00,-999.00,-999.00,-0.15,0.35,0.09,0.53,-0.03,-0.02,0.42,0.72,0.37,0.15,0.77,0.21,0.50,0.17
09081600,41,41,41,41,41,41,41,41,41,41,41,41,41,88,88,88,88,88,88,88,88,88,88,88,88,88,3030.,2744.,3984.,11480.,46651.,76931.,39549.,12347.,7404.,5986.,4263.,3439.,217808.,3049.,2757.,3817.,11596.,47682.,80887.,38141.,12314.,7650.,6098.,4135.,3348.,221475.,2832.,2636.,3608.,10122.,46545.,72904.,31343.,9918.,6115.,4832.,3800.,3193.,209089.,2959.,2746.,3611.,10965.,47152.,75152.,32747.,10657.,6635.,5382.,3790.,3286.,214381.,696.,666.,1573.,5506.,13377.,22947.,27008.,7291.,3147.,2686.,1442.,919.,63324.,547.,553.,1133.,4539.,14803.,26757.,22616.,5923.,3151.,2407.,1208.,669.,58787.,0.23,0.24,0.39,0.48,0.29,0.30,0.68,0.59,0.43,0.45,0.34,0.27,0.29,0.18,0.20,0.30,0.39,0.31,0.33,0.59,0.48,0.41,0.39,0.29,0.20,0.27,1.50,1.12,2.80,1.18,0.14,-0.03,1.05,1.98,1.12,1.36,1.39,1.31,0.33,1.31,0.92,3.73,1.09,0.65,0.39,1.17,1.78,1.34,1.52,1.39,1.84,0.29,0.91,0.85,0.73,0.51,0.31,0.26,0.79,0.91,0.60,0.81,0.97,0.91,0.07,0.81,0.85,0.60,0.42,0.20,0.21,0.60,0.83,0.59,0.65,0.81,0.78,0.09
09082800,16,16,16,16,16,16,16,16,16,16,16,16,16,88,88,88,88,88,88,88,88,88,88,88,88,88,97.,92.,194.,1119.,5266.,4040.,524.,201.,126.,162.,127.,108.,12055.,117.,102.,232.,1382.,6097.,5531.,527.,209.,145.,199.,140.,128.,14810.,95.,88.,152.,939.,4843.,3893.,444.,158.,101.,108.,106.,101.,12663.,110.,92.,197.,1179.,5682.,4629.,453.,182.,102.,176.,125.,114.,13243.,44.,39.,124.,719.,2217.,2865.,378.,115.,102.,113.,65.,49.,4704.,55.,44.,135.,834.,2610.,5113.,340.,126.,116.,102.,61.,63.,7128.,0.45,0.42,0.64,0.64,0.42,0.71,0.72,0.57,0.81,0.70,0.51,0.46,0.39,0.47,0.43,0.58,0.60,0.43,0.92,0.64,0.60,0.80,0.51,0.44,0.49,0.48,0.06,0.27,1.97,1.16,0.00,0.06,1.23,0.67,2.04,1.25,1.01,0.24,-0.50,1.15,1.04,2.32,1.13,0.66,2.02,0.97,1.86,2.60,0.59,1.00,0.75,1.10,0.99,0.92,0.74,0.36,-0.39,0.60,0.77,0.46,0.24,0.77,0.89,0.92,-0.08,0.78,0.41,0.45,0.27,-0.24,0.56,0.57,0.63,0.40,0.23,0.46,0.56,0.23
09084000,15,15,15,15,15,15,15,15,15,15,15,15,15,88,88,88,88,88,88,88,88,88,88,88,88,88,217.,196.,278.,1103.,4013.,3194.,697.,318.,267.,290.,263.,234.,11069.,227.,207.,278.,1213.,4560.,4593.,787.,327.,279.,291.,289.,252.,13302.,215.,191.,268.,739.,3987.,2590.,681.,286.,236.,276.,264.,225.,10991.,223.,208.,267.,1152.,4574.,4056.,737.,313.,270.,276.,286.,251.,13043.,39.,39.,114.,800.,1609.,2071.,344.,84.,78.,70.,54.,46.,4376.,34.,29.,82.,607.,1100.,3192.,353.,107.,70.,63.,57.,48.,4258.,0.18,0.20,0.41,0.73,0.40,0.65,0.49,0.26,0.29,0.24,0.21,0.20,0.40,0.15,0.14,0.30,0.50,0.24,0.70,0.45,0.33,0.25,0.22,0.20,0.19,0.32,-0.36,-0.13,2.05,2.06,0.61,0.36,0.76,0.02,0.24,-0.04,0.05,-0.21,0.55,0.42,-0.18,2.49,1.01,-0.11,1.75,1.12,1.33,0.72,0.61,0.75,0.98,0.84,0.90,0.87,0.63,0.05,0.64,0.77,0.68,0.79,0.86,0.89,0.85,0.89,0.07,0.59,0.43,0.12,0.28,0.42,0.35,0.62,0.67,0.54,0.66,0.43,0.39,0.19
09084600,8,8,8,8,8,8,8,8,8,8,8,8,8,88,88,88,88,88,88,88,88,88,88,88,88,88,39.,36.,58.,917.,3619.,1001.,119.,43.,40.,51.,46.,40.,6010.,41.,35.,66.,876.,4484.,1386.,154.,89.,51.,46.,47.,45.,7321.,33.,30.,53.,631.,3404.,829.,87.,30.,24.,43.,41.,30.,5270.,40.,34.,59.,699.,4171.,982.,119.,55.,34.,44.,43.,40.,7137.,17.,17.,24.,963.,1660.,709.,90.,34.,36.,33.,19.,21.,3049.,11.,10.,24.,538.,2210.,1021.,117.,158.,50.,17.,16.,17.,3180.,0.43,0.47,0.41,1.05,0.46,0.71,0.75,0.80,0.90,0.65,0.41,0.52,0.51,0.26,0.28,0.36,0.61,0.49,0.74,0.76,1.77,0.98,0.37,0.33,0.38,0.43,1.33,1.23,0.19,2.13,-0.35,1.28,1.16,1.21,1.37,1.30,0.73,1.46,0.67,0.31,1.07,1.05,1.53,0.99,1.85,1.77,7.21,3.47,1.24,1.14,1.01,0.68,0.95,0.94,0.73,0.60,0.54,0.78,0.99,0.65,0.25,0.94,0.94,0.87,-0.48,0.70,0.48,0.33,0.39,0.16,0.55,0.77,0.46,0.45,0.38,0.53,0.61,0.24
09085000,87,87,87,87,87,86,86,86,86,87,87,87,86,88,88,88,88,88,88,88,88,88,88,88,88,88,20070.,17358.,22918.,50793.,201964.,350505.,185983.,78580.,50764.,39851.,21863.,21089.,1061100.,20096.,17380.,22939.,50947.,201615.,350476.,185530.,78179.,50854.,39983.,21917.,21123.,1061038.,19506.,17011.,22461.,47661.,190484.,350162.,162082.,70726.,47103.,37673.,20548.,20171.,1039273.,19538.,17031.,22515.,47939.,188365.,350161.,162081.,70582.,47371.,37747.,20615.,20198.,1039272.,3647.,2989.,4870.,17457.,67839.,114382.,97041.,31530.,16629.,11826.,6528.,4179.,283665.,3635.,2979.,4846.,17416.,67527.,113921.,96546.,31308.,16455.,11823.,6509.,4167.,281981.,0.18,0.17,0.21,0.34,0.34,0.33,0.52,0.40,0.33,0.30,0.30,0.20,0.27,0.18,0.17,0.21,0.34,0.33,0.33,0.52,0.40,0.32,0.30,0.30,0.20,0.27,0.53,0.48,1.05,0.96,0.82,0.33,1.37,1.13,1.27,1.35,0.66,0.30,0.44,0.51,0.46,1.04,0.93,0.83,0.33,1.36,1.16,1.27,1.31,0.64,0.28,0.44,0.88,0.87,0.69,0.41,0.41,0.39,0.77,0.86,0.65,0.81,0.79,0.88,0.15,0.88,0.87,0.69,0.41,0.40,0.39,0.77,0.86,0.64,0.75,0.79,0.88,0.15
09085100,30,30,30,30,30,32,30,30,30,30,30,30,30,88,88,88,88,88,88,88,88,88,88,88,88,88,66469.,64014.,85004.,170504.,634515.,962243.,527285.,214414.,133851.,109891.,78541.,70466.,3176778.,61726.,64044.,85379.,176009.,661494.,977826.,506565.,218346.,136262.,111095.,72455.,69955.,3141155.,66966.,62068.,82105.,158329.,583377.1028736.,495384.,192454.,124226.,98638.,74460.,67877.,3269486.,60077.,64276.,83678.,165226.,625829.,989845.,466396.,200842.,128381.,108239.,70902.,68920.,3062564.,10820.,11568.,18086.,56192.,225829.,384498.,258078.,85672.,37737.,31436.,19003.,12441.,810080.,9256.,9089.,16091.,55920.,201459.,335889.,232843.,73925.,38092.,29688.,16473.,10685.,723886.,0.16,0.18,0.21,0.33,0.36,0.40,0.49,0.40,0.28,0.29,0.24,0.18,0.26,0.15,0.14,0.19,0.32,0.30,0.34,0.46,0.34,0.28,0.27,0.23,0.15,0.23,-0.08,0.80,1.26,1.28,0.79,-0.57,0.90,1.43,1.08,1.11,0.55,0.90,0.21,0.61,0.19,0.65,1.33,0.48,-0.35,1.03,0.95,1.13,1.17,0.45,0.44,0.17,0.61,0.67,0.67,0.69,0.40,0.40,0.83,0.91,0.72,0.81,0.82,0.63,0.34,0.47,0.50,0.61,0.50,0.36,0.33,0.63,0.85,0.62,0.75,0.70,0.67,0.09
09085200,17,17,18,18,18,18,18,18,18,17,17,17,17,88,88,88,88,88,88,88,88,88,88,88,88,88,781.,697.,836.,1701.,10153.,16441.,4661.,1672.,1321.,1472.,1023.,886.,41687.,748.,664.,840.,2195.,11041.,14658.,3918.,1648.,1265.,1436.,920.,817.,40149.,698.,690.,783.,1404.,10011.,16817.,4083.,1585.,1215.,1412.,1089.,886.,39785.,732.,643.,815.,1846.,10498.,14736.,3507.,1572.,1237.,1346.,883.,769.,39761.,153.,117.,202.,846.,3810.,7029.,3148.,605.,357.,530.,308.,213.,11173.,114.,91.,171.,1136.,3537.,6187.,2057.,424.,320.,458.,228.,164.,9271.,0.20,0.17,0.24,0.50,0.38,0.43,0.68,0.36,0.27,0.36,0.30,0.24,0.27,0.15,0.14,0.20,0.52,0.32,0.42,0.53,0.26,0.25,0.32,0.25,0.20,0.23,0.16,-0.09,1.36,0.86,0.40,-0.24,1.76,0.91,1.09,0.47,-0.16,-0.06,-0.55,0.61,0.33,1.51,1.06,1.02,0.20,2.06,0.76,0.77,0.65,0.47,1.17,0.08,0.95,0.89,0.75,0.17,0.24,-0.23,0.74,0.77,0.80,0.72,0.93,0.95,0.29,0.65,0.69,0.39,0.19,0.31,-0.07,0.77,0.74,0.74,0.44,0.49,0.61,0.22
09087500,8,8,8,9,9,9,9,9,9,8,8,8,8,88,88,88,88,88,88,88,88,88,88,88,88,88,1086.,1032.,1274.,2901.,28588.,35475.,8406.,3195.,2411.,2240.,1418.,1190.,85825.,1032.,1074.,1583.,3530.,28398.,34763.,8733.,3435.,2633.,2311.,1293.,1141.,89925.,1092.,994.,1356.,3130.,27346.,30117.,5307.,2887.,2091.,2132.,1271.,1188.,78115.,953.,1169.,1484.,2928.,27676.,31627.,7773.,3336.,2720.,2250.,1197.,1054.,89108.,474.,590.,523.,1197.,8871.,17899.,7419.,905.,558.,883.,525.,449.,21994.,408.,617.,959.,2475.,7595.,16717.,4867.,793.,457.,715.,551.,342.,22817.,0.44,0.57,0.41,0.41,0.31,0.50,0.88,0.28,0.23,0.39,0.37,0.38,0.26,0.40,0.57,0.61,0.70,0.27,0.48,0.56,0.23,0.17,0.31,0.43,0.30,0.25,0.07,0.10,-0.35,0.19,0.08,1.66,2.69,2.26,0.74,0.40,0.52,-0.57,1.50,0.76,1.21,1.89,1.82,0.45,0.80,1.39,0.99,-0.03,0.61,1.94,0.65,0.41,0.76,0.98,0.93,0.56,0.42,-0.35,0.91,0.95,0.80,0.87,0.66,0.86,0.04,0.36,0.32,0.25,0.24,0.38,-0.14,0.73,0.76,0.50,0.45,0.43,0.52,0.24
09088000,6,6,6,6,6,6,6,6,6,6,6,6,6,88,88,88,88,88,88,88,88,88,88,88,88,88,3.,7.,40.,303.,2161.,1171.,94.,15.,13.,15.,13.,8.,3842.,13.,13.,51.,363.,2310.,1273.,79.,26.,17.,21.,18.,15.,4199.,2.,9.,40.,300.,1730.,495.,33.,4.,8.,6.,11.,5.,2671.,10.,11.,42.,316.,2223.,682.,58.,11.,7.,12.,14.,12.,3704.,4.,4.,14.,146.,909.,1739.,166.,28.,14.,19.,13.,9.,2436.,12.,10.,40.,227.,701.,1473.,78.,40.,38.,22.,13.,14.,1999.,1.27,0.56,0.35,0.48,0.42,1.48,1.77,1.87,1.10,1.29,0.97,1.15,0.63,0.89,0.75,0.79,0.63,0.30,1.16,0.99,1.53,2.22,1.06,0.71,0.88,0.48,1.23,-1.36,-0.23,0.96,1.31,2.42,2.43,2.38,0.73,0.93,1.13,1.06,1.69,1.88,1.95,2.71,3.06,0.36,2.91,2.37,2.94,6.80,2.50,1.73,1.90,1.64,0.99,0.64,-0.05,-0.17,0.12,0.39,1.00,1.00,0.46,-999.00,0.92,0.83,0.00,0.95,0.93,0.52,0.13,0.14,0.38,0.83,0.54,0.25,0.39,0.48,0.49,0.12
09089500,41,41,41,41,41,41,41,41,41,41,41,41,41,88,88,88,88,88,88,88,88,88,88,88,88,88,151.,143.,384.,2845.,12290.,7701.,1652.,261.,140.,196.,188.,164.,26116.,167.,152.,357.,2951.,13005.,7937.,1353.,268.,148.,160.,172.,149.,26820.,141.,139.,334.,2180.,11254.,5629.,822.,137.,84.,125.,153.,149.,25106.,140.,138.,300.,2478.,12080.,7683.,809.,175.,93.,73.,135.,120.,26859.,105.,92.,292.,1906.,6418.,5113.,1499.,311.,157.,199.,161.,122.,12954.,115.,100.,248.,1686.,5812.,4595.,1316.,272.,166.,229.,136.,105.,11237.,0.70,0.64,0.76,0.67,0.52,0.66,0.91,1.19,1.12,1.01,0.86,0.75,0.50,0.69,0.66,0.69,0.57,0.45,0.58,0.97,1.01,1.13,1.43,0.79,0.71,0.42,0.99,1.02,2.99,1.33,0.90,1.46,0.86,2.39,1.66,1.89,1.90,1.14,0.54,0.97,1.27,2.69,1.13,0.71,1.02,1.63,2.01,2.13,3.97,2.14,1.12,0.34,0.96,0.93,0.82,0.55,0.32,0.64,0.92,0.82,0.67,0.84,0.94,0.92,0.25,0.61,0.85,0.59,0.40,0.18,0.62,0.73,0.73,0.60,0.44,0.65,0.84,0.25
09090700,6,6,6,6,6,6,6,6,6,6,6,6,6,88,88,88,88,88,88,88,88,88,88,88,88,88,20.,35.,91.,914.,4208.,2043.,231.,45.,42.,32.,32.,21.,7712.,33.,64.,111.,806.,5769.,2939.,299.,80.,49.,49.,32.,94.,10326.,7.,30.,98.,655.,4283.,1735.,159.,15.,21.,20.,25.,15.,7123.,25.,35.,96.,740.,5547.,2523.,180.,30.,25.,33.,26.,51.,10270.,25.,36.,45.,728.,2330.,1562.,235.,56.,62.,34.,23.,23.,4365.,26.,95.,75.,422.,3058.,2368.,390.,239.,89.,48.,18.,104.,5080.,1.29,1.02,0.49,0.80,0.55,0.76,1.01,1.26,1.47,1.06,0.71,1.10,0.57,0.78,1.48,0.67,0.52,0.53,0.81,1.30,3.01,1.81,0.98,0.54,1.10,0.49,0.92,0.96,-1.00,1.78,0.27,0.82,1.38,0.99,2.07,0.64,1.51,1.08,0.28,1.61,3.95,3.35,2.22,0.81,1.37,2.85,8.28,6.00,2.19,1.26,1.43,0.73,0.91,0.88,0.49,0.39,0.67,0.72,0.98,0.79,0.76,-999.00,0.91,0.75,-0.52,0.30,0.14,0.01,0.06,-0.20,0.54,0.71,0.34,0.85,0.28,0.47,0.32,0.22
09091500,15,15,15,15,15,15,15,15,15,15,15,15,15,88,88,88,88,88,88,88,88,88,88,88,88,88,1997.,1764.,1965.,2022.,3438.,3010.,2605.,2363.,2251.,2173.,2075.,2079.,27742.,2033.,1885.,1952.,1993.,3049.,3112.,2858.,2661.,2243.,2196.,2141.,2117.,28239.,1960.,1747.,1916.,2029.,3203.,2533.,2360.,2218.,2108.,2027.,2015.,2047.,26765.,2054.,1917.,1920.,1987.,2990.,3175.,2807.,2535.,2188.,2191.,2171.,2142.,28485.,200.,183.,158.,194.,1268.,1132.,631.,420.,470.,253.,208.,212.,3489.,143.,127.,121.,131.,879.,690.,651.,810.,266.,150.,143.,140.,2302.,0.10,0.10,0.08,0.10,0.37,0.38,0.24,0.18,0.21,0.12,0.10,0.10,0.13,0.07,0.07,0.06,0.07,0.29,0.22,0.23,0.30,0.12,0.07,0.07,0.07,0.08,0.59,0.36,1.00,0.01,0.40,0.63,0.63,0.56,1.61,0.77,0.36,0.68,0.33,-0.30,-0.93,1.09,0.19,0.64,0.30,1.01,2.80,1.49,0.20,-0.43,0.05,0.02,0.95,0.91,0.72,0.45,0.36,0.66,0.97,0.96,0.86,0.27,0.87,0.84,-0.07,0.49,0.41,0.38,0.31,0.29,0.38,0.53,0.80,0.18,0.30,0.56,0.64,0.20
09092500,30,30,30,30,30,30,30,30,30,30,30,30,30,88,88,88,88,88,88,88,88,88,88,88,88,88,55.,47.,55.,155.,985.,1346.,388.,131.,93.,92.,69.,61.,3476.,53.,52.,53.,161.,1017.,1520.,419.,138.,100.,94.,74.,61.,3740.,51.,47.,54.,120.,890.,1101.,271.,128.,79.,83.,70.,59.,3490.,52.,55.,52.,150.,952.,1384.,363.,130.,96.,91.,72.,59.,3662.,15.,11.,10.,86.,445.,766.,273.,53.,40.,42.,23.,17.,1286.,9.,9.,7.,69.,417.,863.,253.,46.,36.,32.,23.,13.,1275.,0.27,0.24,0.19,0.56,0.45,0.57,0.70,0.40,0.43,0.46,0.33,0.29,0.37,0.18,0.18,0.14,0.43,0.41,0.57,0.60,0.33,0.36,0.34,0.32,0.22,0.34,1.17,0.37,0.38,2.00,0.52,0.54,1.16,0.99,0.81,1.35,0.66,1.10,0.03,1.88,-0.80,0.91,1.51,1.04,0.87,1.26,0.79,0.77,0.83,0.70,0.76,0.31,0.88,0.71,0.59,0.33,0.40,0.29,0.85,0.70,0.69,0.85,0.80,0.78,-0.20,0.68,0.39,0.25,0.23,0.19,0.18,0.78,0.72,0.61,0.69,0.41,0.62,0.05
09092600,9,9,9,9,9,9,9,9,9,9,9,9,9,88,88,88,88,88,88,88,88,88,88,88,88,88,98.,86.,102.,264.,1420.,2117.,852.,333.,242.,224.,170.,125.,6032.,90.,88.,107.,253.,1503.,2285.,777.,329.,222.,247.,170.,139.,6209.,98.,83.,99.,206.,1158.,2265.,632.,294.,217.,206.,158.,120.,6082.,96.,85.,105.,229.,1485.,2254.,710.,311.,192.,221.,154.,133.,6419.,26.,18.,16.,152.,645.,1140.,707.,131.,104.,103.,63.,29.,2375.,32.,12.,11.,94.,543.,1088.,481.,115.,104.,93.,65.,26.,1744.,0.27,0.21,0.16,0.58,0.45,0.54,0.83,0.39,0.43,0.46,0.37,0.23,0.39,0.35,0.14,0.10,0.37,0.36,0.48,0.62,0.35,0.47,0.38,0.39,0.19,0.28,-0.49,0.33,0.24,2.12,1.48,0.22,1.82,0.63,1.17,1.76,0.97,0.07,0.24,0.08,0.33,0.19,1.53,0.81,0.53,1.44,1.33,1.89,1.56,1.37,0.44,0.16,0.60,0.45,0.57,0.63,0.50,0.47,0.90,0.86,0.78,0.97,0.96,0.91,0.01,0.47,0.16,0.34,0.36,0.21,0.09,0.60,0.70,0.69,0.40,0.58,0.51,0.16
09093500,20,20,20,21,21,21,21,21,21,20,20,20,20,88,88,88,88,88,88,88,88,88,88,88,88,88,678.,720.,1075.,3897.,11243.,2907.,1071.,745.,535.,628.,718.,627.,24067.,694.,690.,1090.,4144.,9429.,2475.,1089.,787.,480.,657.,601.,582.,22718.,621.,682.,1060.,3781.,8816.,1986.,965.,630.,452.,529.,625.,624.,22651.,677.,656.,1072.,3575.,5825.,1937.,867.,656.,448.,589.,581.,538.,20076.,236.,234.,279.,2311.,9921.,2103.,706.,518.,375.,317.,612.,316.,14417.,181.,161.,236.,2617.,10780.,1713.,690.,445.,236.,332.,331.,227.,12686.,0.35,0.32,0.26,0.59,0.88,0.72,0.66,0.70,0.70,0.51,0.85,0.50,0.60,0.26,0.23,0.22,0.63,1.14,0.69,0.63,0.57,0.49,0.50,0.55,0.39,0.56,2.31,0.89,0.13,0.52,0.68,0.54,0.71,1.57,1.27,0.62,3.93,2.47,0.59,1.60,0.95,0.56,1.22,3.58,0.85,1.17,1.24,2.38,2.13,5.97,1.80,2.58,0.90,0.78,0.61,0.41,0.57,0.93,0.85,0.55,0.40,0.51,0.48,0.93,0.07,0.73,0.53,0.41,0.31,0.16,0.28,0.69,0.48,0.26,0.39,0.32,0.71,0.29
09093700,30,30,30,30,30,32,30,30,30,30,30,30,30,88,88,88,88,88,88,88,88,88,88,88,88,88,75970.,74293.,97953.,194450.,727451.1065568.,564455.,225800.,140456.,118256.,83423.,79701.,3512795.,73181.,74255.,97965.,199764.,774878.1078791.,540405.,230624.,143154.,119932.,82582.,78444.,3493976.,75497.,72185.,95205.,173012.,645532.1148819.,521572.,190712.,130095.,100498.,77928.,76650.,3501254.,72387.,74618.,96703.,179124.,709553.1091723.,498862.,210051.,133744.,115957.,80252.,77116.,3428314.,12592.,12820.,19011.,74543.,275081.,445399.,293667.,96307.,42576.,37104.,22596.,16254.,969819.,10873.,11302.,16952.,71597.,265351.,375153.,260381.,82442.,42887.,33247.,19892.,12982.,850300.,0.17,0.17,0.19,0.38,0.38,0.42,0.52,0.43,0.30,0.31,0.27,0.20,0.28,0.15,0.15,0.17,0.36,0.34,0.35,0.48,0.36,0.30,0.28,0.24,0.17,0.24,0.50,0.59,1.11,1.71,0.95,-0.32,1.05,1.54,1.22,1.39,0.99,1.34,0.46,0.44,-0.14,0.40,1.70,0.84,-0.24,1.13,1.00,1.21,1.00,0.49,0.89,0.34,0.68,0.69,0.67,0.74,0.45,0.46,0.85,0.91,0.75,0.82,0.89,0.73,0.39,0.59,0.49,0.62,0.52,0.41,0.32,0.65,0.85,0.63,0.75,0.72,0.65,0.11
09094200,6,6,6,6,6,6,6,6,6,6,6,6,6,88,88,88,88,88,88,88,88,88,88,88,88,88,387.,409.,678.,866.,4487.,2361.,1081.,821.,501.,357.,356.,409.,12711.,476.,507.,681.,1292.,4564.,3678.,1290.,805.,620.,441.,494.,480.,15329.,384.,443.,586.,793.,2189.,1495.,1047.,635.,452.,304.,310.,367.,10349.,446.,462.,643.,1069.,2550.,2846.,1136.,689.,524.,405.,427.,423.,12691.,107.,142.,409.,320.,4737.,1918.,540.,489.,217.,162.,177.,187.,7651.,166.,219.,282.,786.,7124.,2984.,604.,345.,336.,195.,270.,287.,9764.,0.28,0.35,0.60,0.37,1.06,0.81,0.50,0.60,0.43,0.45,0.50,0.46,0.60,0.35,0.43,0.41,0.61,1.56,0.81,0.47,0.43,0.54,0.44,0.55,0.60,0.64,-0.93,-0.37,1.88,1.11,0.97,0.84,0.09,0.98,1.20,1.15,0.27,0.44,0.60,1.03,1.39,1.44,2.63,3.97,3.53,1.20,1.05,2.69,1.93,1.08,3.00,2.92,0.95,0.77,0.53,0.91,0.15,0.98,0.92,0.91,0.72,-999.00,0.90,0.92,-0.24,0.61,0.61,0.14,-0.06,0.42,0.26,0.61,0.73,0.48,0.56,0.32,0.49,0.44
09095000,22,22,22,23,23,23,23,23,23,22,22,22,22,88,88,88,88,88,88,88,88,88,88,88,88,88,1019.,1024.,1541.,3880.,13327.,5454.,2578.,1877.,1514.,1262.,1049.,1033.,34492.,982.,1034.,1640.,3191.,7811.,5284.,2514.,1904.,1453.,1371.,1003.,1037.,29224.,973.,891.,1498.,2001.,6534.,4010.,2435.,1722.,1427.,1130.,988.,965.,27206.,933.,1037.,1610.,2742.,4933.,3949.,2410.,1800.,1390.,1399.,955.,1042.,25593.,471.,491.,779.,3589.,15352.,4558.,1217.,730.,610.,505.,534.,474.,24862.,338.,329.,603.,2259.,9119.,3835.,967.,632.,525.,364.,371.,362.,14972.,0.46,0.48,0.51,0.92,1.15,0.84,0.47,0.39,0.40,0.40,0.51,0.46,0.72,0.34,0.32,0.37,0.71,1.17,0.73,0.38,0.33,0.36,0.27,0.37,0.35,0.51,0.88,1.75,1.62,1.85,1.54,1.16,0.74,0.37,0.95,0.82,0.51,0.89,1.40,0.79,1.50,0.79,2.64,3.29,1.06,0.85,0.48,1.41,0.22,0.83,0.38,2.37,0.88,0.90,0.30,0.38,0.60,0.82,0.91,0.83,0.87,0.90,0.90,0.90,0.36,0.70,0.69,0.14,0.36,0.65,0.50,0.79,0.76,0.64,0.43,0.49,0.53,0.36
09095500,63,63,63,63,63,65,63,63,63,63,63,63,63,88,88,88,88,88,88,88,88,88,88,88,88,88,78994.,75879.,99046.,204568.,739375.1050144.,524772.,226516.,140074.,118713.,83980.,82665.,3455216.,79622.,77510.,103005.,203687.,761373.1079436.,539669.,231489.,149339.,124397.,88363.,84094.,3521984.,78551.,74144.,96828.,178122.,667356.1082265.,440185.,201490.,131479.,108532.,81587.,81530.,3361436.,80678.,77702.,102203.,187719.,693097.1096762.,498255.,208057.,139968.,122543.,88891.,83472.,3439940.,13004.,14560.,20146.,82558.,252747.,400743.,276231.,87424.,40844.,35680.,21744.,15567.,905825.,11297.,13198.,19954.,77565.,249004.,377952.,261235.,82471.,45080.,34382.,20437.,14375.,845819.,0.16,0.19,0.20,0.40,0.34,0.38,0.53,0.39,0.29,0.30,0.26,0.19,0.26,0.14,0.17,0.19,0.38,0.33,0.35,0.48,0.36,0.30,0.28,0.23,0.17,0.24,0.21,0.80,1.08,1.73,0.84,-0.11,1.31,1.46,1.20,1.33,0.54,0.72,0.56,0.08,0.51,0.66,1.61,0.72,-0.20,1.15,1.23,1.24,1.03,0.10,0.40,0.39,0.76,0.74,0.78,0.57,0.48,0.40,0.82,0.88,0.64,0.79,0.82,0.78,0.21,0.70,0.72,0.69,0.43,0.37,0.32,0.65,0.83,0.61,0.78,0.79,0.75,0.17
09096500,59,59,59,59,59,59,59,59,59,59,59,59,59,88,88,88,88,88,88,88,88,88,88,88,88,88,909.,842.,1462.,4608.,24083.,22715.,4459.,2127.,1550.,1972.,1352.,1264.,67344.,995.,871.,1526.,4341.,23391.,27297.,5021.,2446.,1714.,1983.,1346.,1282.,72214.,788.,788.,1062.,3758.,21446.,22716.,4023.,2084.,1251.,1111.,877.,848.,63530.,868.,850.,1134.,3681.,23254.,23251.,4825.,2663.,1470.,1408.,1070.,992.,64484.,917.,544.,1654.,3112.,10662.,13433.,3940.,2011.,2233.,2348.,1876.,1643.,24303.,871.,470.,1438.,2746.,10512.,21509.,3878.,1759.,1925.,1993.,1579.,1386.,29821.,1.01,0.65,1.13,0.68,0.44,0.59,0.88,0.95,1.44,1.19,1.39,1.30,0.36,0.88,0.54,0.94,0.63,0.45,0.79,0.77,0.72,1.12,1.01,1.17,1.08,0.41,4.33,0.73,3.58,0.67,0.36,0.54,1.62,0.76,3.78,1.96,3.75,3.35,0.43,3.75,0.64,3.57,0.82,0.17,1.98,1.70,0.36,3.77,2.15,4.19,3.69,0.79,-0.09,-0.44,-0.06,0.03,0.28,0.22,0.60,0.54,0.30,0.11,-0.01,-0.13,0.28,0.00,-0.27,0.01,0.00,0.28,0.09,0.66,0.55,0.34,0.13,0.04,-0.07,0.28
09097500,59,59,59,59,59,59,59,59,59,59,59,59,59,88,88,88,88,88,88,88,88,88,88,88,88,88,413.,413.,983.,6581.,16814.,6209.,721.,210.,218.,415.,383.,383.,33742.,431.,407.,1098.,6632.,18375.,7771.,809.,240.,259.,447.,424.,409.,37303.,271.,305.,712.,5796.,15842.,5869.,560.,76.,65.,236.,288.,267.,34012.,343.,365.,856.,6217.,16576.,6808.,635.,109.,143.,335.,350.,331.,35319.,357.,322.,655.,3626.,9201.,4899.,798.,347.,352.,421.,283.,303.,16639.,328.,273.,837.,3250.,10840.,7086.,814.,326.,336.,404.,303.,287.,18784.,0.86,0.78,0.67,0.55,0.55,0.79,1.11,1.66,1.62,1.01,0.74,0.79,0.49,0.76,0.67,0.76,0.49,0.59,0.91,1.01,1.36,1.30,0.90,0.72,0.70,0.50,1.37,1.86,1.06,0.93,0.43,1.18,1.59,2.24,2.77,1.73,1.08,0.83,0.27,1.34,2.08,2.24,0.93,1.08,1.60,1.42,1.96,2.45,1.55,1.40,0.67,0.44,0.93,0.94,0.67,0.31,0.45,0.71,0.82,0.39,0.72,0.66,0.83,0.89,0.11,0.88,0.83,0.50,0.31,0.41,0.56,0.71,0.50,0.65,0.61,0.82,0.80,0.24
09100500,12,12,12,12,12,13,13,13,13,12,12,12,12,88,88,88,88,88,88,88,88,88,88,88,88,88,367.,398.,505.,778.,1994.,2580.,2349.,1864.,1278.,679.,430.,377.,13577.,468.,468.,804.,807.,2156.,2761.,2675.,1845.,1584.,695.,604.,537.,15402.,347.,356.,468.,783.,1926.,2549.,2334.,1969.,831.,663.,355.,353.,13854.,463.,473.,576.,800.,2139.,2724.,2576.,1866.,1372.,605.,618.,554.,15534.,133.,131.,128.,157.,465.,648.,648.,711.,827.,160.,191.,145.,3023.,139.,95.,1031.,114.,426.,518.,575.,625.,758.,145.,198.,138.,2604.,0.36,0.33,0.25,0.20,0.23,0.25,0.28,0.38,0.65,0.24,0.44,0.39,0.22,0.30,0.20,1.28,0.14,0.20,0.19,0.22,0.34,0.48,0.21,0.33,0.26,0.17,1.05,0.58,1.16,0.23,0.71,1.17,0.77,1.80,1.54,0.00,0.28,0.43,0.63,-0.12,-0.19,5.87,0.07,0.33,0.79,0.44,0.65,0.96,0.96,0.28,-0.13,0.04,0.92,0.89,0.91,0.46,0.17,0.14,0.92,0.92,0.76,0.44,0.88,0.89,0.01,0.81,0.78,0.22,0.24,-0.17,0.26,0.67,0.54,0.49,0.11,0.30,0.92,0.29
09101500,8,8,8,8,9,9,9,9,9,8,8,8,8,88,88,88,88,88,88,88,88,88,88,88,88,88,125.,126.,155.,334.,1528.,1654.,872.,676.,464.,237.,93.,94.,6183.,157.,128.,153.,347.,1558.,1690.,888.,666.,490.,254.,88.,97.,6516.,136.,148.,164.,294.,1517.,1681.,879.,667.,451.,244.,87.,87.,6400.,130.,122.,155.,333.,1444.,1689.,880.,668.,469.,240.,84.,87.,6371.,49.,43.,46.,139.,551.,524.,147.,196.,149.,91.,40.,39.,1458.,102.,42.,38.,112.,625.,727.,190.,128.,156.,70.,26.,43.,1471.,0.39,0.34,0.29,0.41,0.36,0.32,0.17,0.29,0.32,0.38,0.43,0.41,0.24,0.65,0.33,0.25,0.32,0.40,0.43,0.21,0.19,0.32,0.27,0.29,0.44,0.23,-0.31,-1.27,-1.12,1.30,0.19,-0.12,-0.89,0.72,0.01,0.53,1.22,0.80,-0.66,1.35,0.76,0.42,0.63,1.13,0.60,0.62,0.37,1.17,0.91,1.07,1.28,0.31,0.84,0.82,0.81,0.38,0.19,0.61,0.92,0.79,0.81,0.54,0.52,0.30,0.03,-0.01,-0.03,0.26,0.09,-0.13,0.57,0.64,0.54,0.25,0.54,0.32,0.14,0.20
09104000,6,6,6,6,7,7,7,7,7,6,6,6,6,88,88,88,88,88,88,88,88,88,88,88,88,88,44.,43.,63.,225.,806.,411.,242.,177.,104.,75.,54.,45.,2429.,50.,54.,69.,172.,593.,481.,247.,123.,75.,66.,50.,48.,2029.,39.,35.,59.,214.,671.,248.,193.,136.,45.,64.,45.,38.,1874.,43.,41.,61.,159.,490.,398.,242.,113.,61.,52.,46.,46.,1930.,31.,28.,18.,138.,545.,343.,111.,121.,89.,71.,43.,26.,1469.,26.,46.,28.,76.,334.,332.,85.,72.,53.,45.,23.,17.,781.,0.72,0.66,0.29,0.61,0.68,0.83,0.46,0.68,0.86,0.96,0.80,0.59,0.60,0.53,0.84,0.40,0.44,0.56,0.69,0.34,0.58,0.71,0.68,0.46,0.35,0.38,1.11,1.47,0.73,1.36,1.41,1.41,0.42,0.54,0.70,1.91,1.73,1.69,1.44,1.51,1.96,1.15,1.24,1.67,1.85,0.63,1.01,1.53,1.32,1.42,1.04,1.36,0.96,0.98,0.95,0.72,0.56,0.98,0.83,0.83,0.96,0.58,0.99,0.96,-0.10,0.45,0.23,0.22,0.24,0.29,0.48,0.75,0.50,0.48,0.33,0.58,0.79,0.26
09104500,20,20,20,20,20,20,20,20,20,20,20,20,20,88,88,88,88,88,88,88,88,88,88,88,88,88,534.,448.,489.,629.,2128.,2371.,2247.,1688.,1052.,871.,463.,507.,13426.,521.,459.,522.,631.,2130.,2332.,2244.,1634.,1252.,872.,476.,562.,13636.,523.,440.,458.,580.,2013.,2208.,2257.,1721.,1009.,835.,474.,472.,13366.,509.,444.,522.,624.,2135.,2285.,2244.,1601.,1133.,866.,461.,516.,13656.,98.,101.,118.,152.,411.,527.,358.,377.,459.,238.,142.,121.,2304.,61.,82.,109.,94.,300.,433.,328.,307.,616.,144.,112.,152.,1717.,0.18,0.23,0.24,0.24,0.19,0.22,0.16,0.22,0.44,0.27,0.31,0.24,0.17,0.12,0.18,0.21,0.15,0.14,0.19,0.15,0.19,0.49,0.17,0.24,0.27,0.13,0.81,0.94,1.16,1.17,1.02,0.77,0.49,0.02,0.54,1.79,0.63,0.74,0.64,1.18,0.72,0.50,0.92,0.49,0.25,0.16,0.46,1.36,1.78,0.91,1.08,0.29,0.81,0.80,0.81,0.63,0.33,0.72,0.86,0.87,0.74,0.76,0.66,0.83,0.31,0.44,0.53,0.04,0.34,0.19,0.63,0.83,0.71,0.49,0.37,0.44,0.45,0.32
09105000,60,60,60,60,61,61,61,61,61,60,60,60,60,88,88,88,88,88,88,88,88,88,88,88,88,88,4479.,4623.,7450.,18907.,60684.,52393.,18459.,8680.,6574.,7686.,4527.,4850.,199901.,4476.,4645.,7648.,18981.,62830.,53983.,19182.,10165.,7305.,7619.,5077.,4875.,206787.,4219.,4531.,6849.,17611.,51110.,42966.,15093.,8271.,5375.,6561.,4082.,4529.,175729.,4315.,4572.,7184.,18412.,56415.,48844.,17534.,10724.,6759.,6808.,4888.,4720.,198524.,2097.,1766.,3372.,8101.,28619.,36118.,11766.,6504.,4899.,4506.,3614.,2647.,81737.,1805.,1508.,3057.,7007.,26018.,32746.,10253.,6060.,4713.,3880.,3402.,2268.,73353.,0.47,0.38,0.45,0.43,0.47,0.69,0.64,0.75,0.75,0.59,0.80,0.55,0.41,0.40,0.32,0.40,0.37,0.41,0.61,0.53,0.60,0.65,0.51,0.67,0.47,0.35,0.55,-0.15,0.70,1.07,1.26,1.91,2.23,0.68,1.61,1.18,1.31,1.47,1.21,0.60,-0.19,0.74,1.08,1.04,1.67,2.20,0.13,1.43,1.30,1.07,1.55,0.94,0.30,0.24,0.19,0.29,0.50,0.54,0.92,0.62,0.30,0.19,0.36,0.27,0.31,0.34,0.25,0.20,0.27,0.46,0.57,0.88,0.61,0.37,0.22,0.40,0.28,0.29
09152500,80,80,80,80,80,80,80,80,80,80,80,80,80,88,88,88,88,88,88,88,88,88,88,88,88,88,79600.,72794.,90573.,183932.,450377.,409910.,154921.,83746.,81325.,90277.,88194.,84903.,1870552.,77750.,71262.,88304.,186754.,463659.,438733.,161984.,85194.,83417.,91186.,86524.,83115.,1917881.,56726.,57165.,73192.,160099.,400885.,335728.,123374.,67511.,70916.,77106.,74598.,63631.,1810183.,56241.,56189.,70110.,164773.,436231.,371689.,125977.,69172.,74404.,78795.,73731.,63439.,1862161.,45178.,41490.,50595.,104804.,247213.,260761.,136932.,49722.,48359.,42584.,35262.,42131.,728444.,43522.,39903.,48927.,101429.,241940.,297568.,137707.,48808.,47096.,43875.,34056.,40607.,738835.,0.57,0.57,0.56,0.57,0.55,0.64,0.88,0.59,0.59,0.47,0.40,0.50,0.39,0.56,0.56,0.55,0.54,0.52,0.68,0.85,0.57,0.56,0.48,0.39,0.49,0.39,1.46,1.89,1.64,0.97,0.51,0.77,2.30,1.02,1.54,1.09,1.14,1.12,0.31,1.60,2.03,1.76,0.91,0.38,1.16,2.08,0.97,1.42,1.28,1.27,1.26,0.32,0.95,0.91,0.90,0.41,0.46,0.76,0.78,0.75,0.69,0.79,0.85,0.89,0.32,0.95,0.92,0.90,0.39,0.46,0.70,0.79,0.73,0.69,0.72,0.76,0.89,0.29
09163500,45,45,45,45,46,48,46,46,46,45,45,45,45,88,88,88,88,88,88,88,88,88,88,88,88,88,165050.,159653.,208801.,388321.1134713.1439842.,721645.,330810.,242841.,239384.,183202.,174996.,5448461.,142194.,140587.,186230.,407722.1233637.1627529.,719207.,344732.,258628.,241712.,171468.,152753.,5626399.,146588.,149511.,188558.,340186.1010068.1437443.,523236.,286763.,222551.,217520.,162211.,165316.,5158594.,124671.,125462.,167752.,378878.1156989.1592096.,646659.,313958.,232632.,218568.,161055.,134321.,5553126.,58454.,58246.,79482.,192782.,490622.,703957.,484873.,154390.,87275.,89055.,62487.,61052.,1921441.,48375.,46720.,63680.,172670.,467076.,697036.,405941.,142668.,94107.,85175.,47341.,49694.,1616812.,0.35,0.36,0.38,0.50,0.43,0.49,0.67,0.47,0.36,0.37,0.34,0.35,0.35,0.34,0.33,0.34,0.42,0.38,0.43,0.56,0.41,0.36,0.35,0.28,0.33,0.29,0.75,0.77,1.06,1.52,1.06,0.47,1.66,1.44,0.72,1.00,0.89,0.48,0.69,1.68,1.67,1.79,1.10,0.66,0.35,1.63,1.05,1.19,1.45,1.63,1.46,0.52,0.93,0.90,0.87,0.62,0.64,0.67,0.87,0.91,0.62,0.84,0.89,0.89,0.33,0.94,0.91,0.86,0.46,0.51,0.48,0.67,0.85,0.63,0.74,0.68,0.85,0.21
404657,17,17,17,17,17,17,17,17,17,17,17,17,17,88,88,88,88,88,88,88,88,88,88,88,88,88,42.,39.,42.,0.,87.,305.,488.,66.,0.,0.,78.,55.,1203.,553.,596.,529.,303.,125.,274.,451.,272.,383.,466.,426.,142.,4521.,0.,0.,0.,0.,69.,306.,290.,4.,0.,0.,0.,0.,1022.,551.,690.,640.,315.,101.,261.,398.,118.,116.,366.,166.,119.,4087.,122.,113.,122.,0.,98.,190.,320.,106.,0.,0.,118.,120.,788.,518.,541.,437.,247.,87.,121.,254.,267.,402.,454.,463.,120.,2948.,2.89,2.90,2.89,0.00,1.12,0.62,0.66,1.61,0.00,0.00,1.53,2.17,0.66,0.94,0.91,0.83,0.81,0.70,0.44,0.56,0.98,1.05,0.97,1.09,0.84,0.65,2.84,2.88,2.84,0.00,1.76,2.51,0.39,2.01,0.00,0.00,1.78,2.63,2.98,0.24,0.27,0.00,0.63,0.93,2.23,1.29,0.40,0.59,0.61,0.96,1.03,0.20,0.98,1.00,1.00,0.00,0.00,0.00,-0.44,0.70,0.00,0.00,0.00,0.93,0.18,0.36,0.86,0.90,0.76,-0.04,0.14,-0.14,-0.11,0.86,0.82,0.72,0.30,0.90
504600,88,88,88,88,88,88,88,88,88,88,88,88,88,88,88,88,88,88,88,88,88,88,88,88,88,88,8.,7.,7.,42.,261.,226.,90.,24.,13.,17.,9.,10.,714.,8.,7.,7.,42.,261.,226.,90.,24.,13.,17.,9.,10.,714.,11.,8.,7.,50.,262.,215.,92.,22.,12.,16.,11.,14.,735.,11.,8.,7.,50.,262.,215.,92.,22.,12.,16.,11.,14.,735.,7.,6.,6.,36.,138.,91.,40.,23.,11.,11.,7.,7.,240.,7.,6.,6.,36.,138.,91.,40.,23.,11.,11.,7.,7.,240.,0.90,0.91,0.92,0.86,0.53,0.40,0.45,0.96,0.81,0.63,0.78,0.78,0.34,0.90,0.91,0.92,0.86,0.53,0.40,0.45,0.96,0.81,0.63,0.78,0.78,0.34,0.73,0.91,1.37,0.64,1.31,0.14,1.01,3.33,0.81,0.72,0.08,0.09,-0.59,0.73,0.91,1.37,0.64,1.31,0.14,1.01,3.33,0.81,0.72,0.08,0.09,-0.59,0.88,0.88,0.78,0.27,0.16,0.28,0.65,0.34,0.68,0.37,0.01,0.74,0.37,0.88,0.88,0.78,0.27,0.16,0.28,0.65,0.34,0.68,0.37,0.01,0.74,0.37
950040,88,88,88,88,88,88,88,88,88,88,88,88,88,88,88,88,88,88,88,88,88,88,88,88,88,88,0.,0.,0.,0.,126.,406.,578.,375.,201.,68.,0.,0.,1755.,0.,0.,0.,0.,126.,406.,578.,375.,201.,68.,0.,0.,1755.,0.,0.,0.,0.,126.,382.,593.,422.,170.,64.,0.,0.,1747.,0.,0.,0.,0.,126.,382.,593.,422.,170.,64.,0.,0.,1747.,0.,0.,0.,0.,65.,68.,44.,108.,82.,27.,0.,0.,169.,0.,0.,0.,0.,65.,68.,44.,108.,82.,27.,0.,0.,169.,0.00,0.00,0.00,0.00,0.52,0.17,0.08,0.29,0.41,0.40,0.00,0.00,0.10,0.00,0.00,0.00,0.00,0.52,0.17,0.08,0.29,0.41,0.40,0.00,0.00,0.10,0.00,0.00,0.00,0.00,3.13,0.31,-2.81,-0.88,0.44,0.60,0.00,0.00,-1.04,0.00,0.00,0.00,0.00,3.13,0.31,-2.81,-0.88,0.44,0.60,0.00,0.00,-1.04,0.00,0.00,0.00,0.00,0.00,-0.14,0.36,0.28,0.48,-0.03,0.00,0.00,-0.18,0.00,0.00,0.00,0.00,0.00,-0.14,0.36,0.28,0.48,-0.03,0.00,0.00,-0.18
954001,88,88,88,88,88,88,88,88,88,88,88,88,88,88,88,88,88,88,88,88,88,88,88,88,88,88,345.,329.,364.,480.,632.,838.,915.,817.,644.,501.,366.,362.,6593.,345.,329.,364.,480.,632.,838.,915.,817.,644.,501.,366.,362.,6593.,364.,338.,364.,480.,635.,869.,952.,825.,642.,526.,381.,373.,6600.,364.,338.,364.,480.,635.,869.,952.,825.,642.,526.,381.,373.,6600.,41.,31.,29.,48.,41.,77.,79.,56.,50.,61.,41.,36.,322.,41.,31.,29.,48.,41.,77.,79.,56.,50.,61.,41.,36.,322.,0.12,0.09,0.08,0.10,0.06,0.09,0.09,0.07,0.08,0.12,0.11,0.10,0.05,0.12,0.09,0.08,0.10,0.06,0.09,0.09,0.07,0.08,0.12,0.11,0.10,0.05,0.19,-0.41,-0.09,0.63,-2.11,0.32,0.14,0.37,0.42,-0.05,-0.04,-0.27,-0.17,0.19,-0.41,-0.09,0.63,-2.11,0.32,0.14,0.37,0.42,-0.05,-0.04,-0.27,-0.17,0.72,0.73,0.78,0.33,0.32,0.36,0.67,0.66,0.60,0.27,0.63,0.73,0.56,0.72,0.73,0.78,0.33,0.32,0.36,0.67,0.66,0.60,0.27,0.63,0.73,0.56
